;;;;;
data;pm10;so2;no2;o3;co 
9/1/19 1:00;;15,06;1,35;;0,05
9/1/19 2:00;;15,05;3,23;;0,05
9/1/19 3:00;;15,03;4,51;;0,11
9/1/19 4:00;;14,94;4,07;;0,13
9/1/19 5:00;;14,94;6,75;;0,13
9/1/19 6:00;;14,86;15,93;;0,27
9/1/19 7:00;6;14,34;39,29;;0,80
9/1/19 8:00;6;14,17;29,98;;0,56
9/1/19 9:00;6;14,50;21,95;;0,39
9/1/19 10:00;6;14,34;;;0,15
9/1/19 11:00;6;14,63;;;0,05
9/1/19 12:00;6;14,38;;;
9/1/19 13:00;6;14,28;;;0,05
9/1/19 14:00;6;14,28;;;0,05
9/1/19 15:00;6;14,25;;;0,13
9/1/19 16:00;6;14,42;;;0,05
9/1/19 17:00;6;14,50;;;0,05
9/1/19 18:00;6;14,47;;;0,12
9/1/19 19:00;6;14,31;;;0,18
9/1/19 20:00;6;14,57;;;0,11
9/1/19 21:00;6;14,58;;;0,19
9/1/19 22:00;6;14,43;;;0,17
9/1/19 23:00;6;14,49;;;0,14
10/1/19 0:00;6;14,52;;;0,24
10/1/19 1:00;;14,51;;;0,22
10/1/19 2:00;;14,58;;;0,18
10/1/19 3:00;;14,55;;;0,14
10/1/19 4:00;;14,52;;;0,13
10/1/19 5:00;;14,51;;;0,22
10/1/19 6:00;;14,58;;;0,28
10/1/19 7:00;;14,45;;;0,31
10/1/19 8:00;;14,24;;;0,42
10/1/19 9:00;;14,11;;;0,50
10/1/19 10:00;;13,87;;;
10/1/19 11:00;;14,06;;;0,34
10/1/19 12:00;;14,06;;;0,24
10/1/19 13:00;;14,05;;;0,38
10/1/19 14:00;;14,09;;;0,34
10/1/19 15:00;;14,22;;;0,48
10/1/19 16:00;;14,35;;;0,49
10/1/19 17:00;;14,51;;;0,55
10/1/19 18:00;;14,59;;;0,52
10/1/19 19:00;;14,63;;;0,48
10/1/19 20:00;;14,70;;;0,47
10/1/19 21:00;;14,71;;;0,36
10/1/19 22:00;;14,66;;;0,34
10/1/19 23:00;;14,52;;;0,26
11/1/19 0:00;;14,55;;;0,13
11/1/19 1:00;;14,41;;;0,17
11/1/19 2:00;;14,67;;;0,05
11/1/19 3:00;;14,77;;;0,05
11/1/19 4:00;;14,77;;;0,05
11/1/19 5:00;;14,62;;;0,11
11/1/19 6:00;;14,56;;;0,13
11/1/19 7:00;;14,51;;;0,12
11/1/19 8:00;;14,46;;;0,14
11/1/19 9:00;;14,49;;;0,21
11/1/19 10:00;;14,36;;;0,21
11/1/19 11:00;;14,14;19,87;;0,14
11/1/19 12:00;;14,46;9,65;;0,23
11/1/19 13:00;;14,46;6,69;;0,12
11/1/19 14:00;;14,51;10,53;;0,11
11/1/19 15:00;;14,39;11,62;;0,13
11/1/19 16:00;;14,54;10,61;;0,14
11/1/19 17:00;;14,50;10,09;;0,13
11/1/19 18:00;;14,55;15,81;;0,11
11/1/19 19:00;;15,01;10,09;;0,17
11/1/19 20:00;;17,23;11,08;;0,24
11/1/19 21:00;;18,72;7,22;;0,21
11/1/19 22:00;;17,81;6,11;;0,12
11/1/19 23:00;;16,63;6,47;;0,11
12/1/19 0:00;;17,02;4,69;;0,13
12/1/19 1:00;;16,59;3,54;;0,15
12/1/19 2:00;;16,56;4,04;;0,14
12/1/19 3:00;;15,77;5,57;;0,05
12/1/19 4:00;;15,22;5,25;;0,05
12/1/19 5:00;;14,98;5,57;;0,10
12/1/19 6:00;;16,18;4,48;;0,05
12/1/19 7:00;;16,44;3,60;;0,05
12/1/19 8:00;;16,17;4,08;;0,10
12/1/19 9:00;;16,31;4,76;;0,12
12/1/19 10:00;;16,43;4,10;;0,10
12/1/19 11:00;;16,49;3,26;;0,05
12/1/19 12:00;;15,73;2,41;;0,12
12/1/19 13:00;;16,13;2,33;;0,12
12/1/19 14:00;;16,83;3,49;;0,10
12/1/19 15:00;;16,68;3,25;;0,05
12/1/19 16:00;;16,15;3,09;;0,13
12/1/19 17:00;;16,10;4,12;;0,11
12/1/19 18:00;;18,21;5,06;;0,12
12/1/19 19:00;;18,36;6,80;;0,17
12/1/19 20:00;;18,79;5,09;;0,16
12/1/19 21:00;;18,84;4,28;;0,17
12/1/19 22:00;;17,28;5,00;;0,18
12/1/19 23:00;;17,15;4,23;;0,14
13/1/19 0:00;;16,84;2,69;;0,05
13/1/19 1:00;;16,60;2,69;;0,05
13/1/19 2:00;;16,18;4,76;;0,10
13/1/19 3:00;;15,32;5,21;;0,10
13/1/19 4:00;;15,25;7,09;;0,11
13/1/19 5:00;;15,26;7,01;;0,17
13/1/19 6:00;;14,89;4,18;;0,21
13/1/19 7:00;;14,76;2,91;;0,19
13/1/19 8:00;;14,76;3,35;;0,05
13/1/19 9:00;;14,76;3,95;;0,10
13/1/19 10:00;;14,73;3,31;;0,10
13/1/19 11:00;;14,63;2,79;;0,11
13/1/19 12:00;;14,60;2,82;;0,10
13/1/19 13:00;;14,60;2,52;;0,11
13/1/19 14:00;;14,51;3,27;;0,10
13/1/19 15:00;;14,47;4,47;;0,05
13/1/19 16:00;;14,58;4,96;;0,10
13/1/19 17:00;;14,72;4,02;;0,15
13/1/19 18:00;;14,89;10,75;;0,20
13/1/19 19:00;;14,88;6,48;;0,17
13/1/19 20:00;;15,09;10,11;;0,18
13/1/19 21:00;;15,11;13,71;;0,24
13/1/19 22:00;;14,92;14,04;;0,24
13/1/19 23:00;;14,98;13,88;;0,23
14/1/19 0:00;;14,99;6,25;;0,24
14/1/19 1:00;;14,97;4,70;;0,27
14/1/19 2:00;;14,97;6,63;;0,27
14/1/19 3:00;;14,91;7,82;;0,27
14/1/19 4:00;;14,99;15,27;;0,30
14/1/19 5:00;;14,96;13,03;;0,32
14/1/19 6:00;;14,84;9,58;;0,42
14/1/19 7:00;;14,50;6,41;;0,43
14/1/19 8:00;;14,58;13,16;;0,51
14/1/19 9:00;;14,44;16,19;;0,23
14/1/19 10:00;;14,43;10,82;;0,14
14/1/19 11:00;;14,39;7,75;;0,11
14/1/19 12:00;;13,78;3,16;;
14/1/19 13:00;;13,91;;;0,34
14/1/19 14:00;;14,11;;;
14/1/19 15:00;;14,16;;;0,17
14/1/19 16:00;;14,57;;;0,13
14/1/19 17:00;;14,79;;;0,12
14/1/19 18:00;;14,78;;;0,10
14/1/19 19:00;;15,26;;;0,16
14/1/19 20:00;;15,44;;;0,11
14/1/19 21:00;;15,38;;;0,10
14/1/19 22:00;;14,91;;;0,13
14/1/19 23:00;;14,96;;;0,10
15/1/19 0:00;;14,95;;;0,21
15/1/19 1:00;;15,22;;;0,21
15/1/19 2:00;;15,23;;;0,15
15/1/19 3:00;;15,16;;;0,19
15/1/19 4:00;;15,16;;;0,28
15/1/19 5:00;;15,03;;;0,48
15/1/19 6:00;;15,15;;;0,70
15/1/19 7:00;;14,67;;;0,60
15/1/19 8:00;;14,48;;;0,64
15/1/19 9:00;;14,53;;;0,42
15/1/19 10:00;;14,58;;;0,58
15/1/19 11:00;;14,36;;;0,77
15/1/19 12:00;;14,17;;;0,76
15/1/19 13:00;;14,40;5,25;;0,54
15/1/19 14:00;;14,40;9,31;32,20;0,39
15/1/19 15:00;;14,28;9,68;33,56;0,40
15/1/19 16:00;;14,24;13,34;27,20;0,50
15/1/19 17:00;;14,49;13,34;26,30;0,46
15/1/19 18:00;;14,57;8,83;32,57;0,46
15/1/19 19:00;;14,72;6,03;30,17;0,50
15/1/19 20:00;;14,64;6,14;41,49;0,42
15/1/19 21:00;;14,75;7,50;31,83;0,39
15/1/19 22:00;;14,86;7,10;29,59;0,30
15/1/19 23:00;;14,93;5,41;24,34;0,30
16/1/19 0:00;;14,94;4,28;19,55;0,05
16/1/19 1:00;;14,96;2,49;17,80;0,05
16/1/19 2:00;;15,06;3,57;16,55;0,05
16/1/19 3:00;;15,14;4,34;18,10;0,05
16/1/19 4:00;;15,06;12,44;10,06;0,05
16/1/19 5:00;;14,97;16,75;2,93;0,05
16/1/19 6:00;;14,94;12,56;3,23;0,20
16/1/19 7:00;;14,72;10,28;3,41;0,24
16/1/19 8:00;;14,69;10,86;4,78;0,18
16/1/19 9:00;;14,51;15,88;9,61;0,13
16/1/19 10:00;;14,51;12,94;15,99;0,10
16/1/19 11:00;;14,54;9,73;21,65;0,05
16/1/19 12:00;;14,71;5,23;28,87;0,05
16/1/19 13:00;;14,72;5,08;26,97;0,05
16/1/19 14:00;;14,61;7,85;23,37;0,12
16/1/19 15:00;;14,74;11,33;25,95;0,05
16/1/19 16:00;;14,78;12,62;23,95;0,05
16/1/19 17:00;;14,80;13,77;17,43;0,11
16/1/19 18:00;;14,91;10,21;14,98;0,05
16/1/19 19:00;;15,00;10,26;10,48;0,05
16/1/19 20:00;;14,98;15,35;6,58;0,12
16/1/19 21:00;;15,32;21,99;5,47;0,17
16/1/19 22:00;;15,32;25,63;4,39;0,15
16/1/19 23:00;;15,40;22,28;4,11;0,11
17/1/19 0:00;;15,37;8,67;7,28;0,20
17/1/19 1:00;;15,32;6,25;7,03;0,22
17/1/19 2:00;;15,42;10,37;5,72;0,24
17/1/19 3:00;;15,30;13,88;4,60;0,20
17/1/19 4:00;;15,34;13,05;4,53;0,18
17/1/19 5:00;;15,11;14,57;4,79;0,18
17/1/19 6:00;;15,02;11,63;5,26;0,25
17/1/19 7:00;;14,77;6,68;7,80;0,28
17/1/19 8:00;;14,60;5,70;10,72;0,32
17/1/19 9:00;;14,39;9,26;11,85;0,46
17/1/19 10:00;;14,53;19,54;9,43;0,33
17/1/19 11:00;;14,60;13,36;11,81;0,30
17/1/19 12:00;;14,66;9,77;8,26;0,27
17/1/19 13:00;;14,49;4,39;12,42;0,17
17/1/19 14:00;;14,61;5,72;14,50;0,18
17/1/19 15:00;;14,67;9,71;17,07;0,05
17/1/19 16:00;;14,76;12,47;13,15;0,05
17/1/19 17:00;;14,94;10,31;11,23;0,05
17/1/19 18:00;;14,95;5,31;8,72;0,05
17/1/19 19:00;;15,01;5,60;6,10;0,13
17/1/19 20:00;;15,05;6,32;4,86;0,13
17/1/19 21:00;;15,27;7,60;4,85;0,05
17/1/19 22:00;;15,37;11,58;3,35;0,10
17/1/19 23:00;;15,36;7,91;3,61;0,05
18/1/19 0:00;;15,31;6,18;2,80;0,17
18/1/19 1:00;;15,31;4,07;5,20;0,14
18/1/19 2:00;;15,37;2,08;7,65;0,12
18/1/19 3:00;;15,35;3,40;7,53;0,13
18/1/19 4:00;;15,44;4,58;6,00;0,14
18/1/19 5:00;;15,50;9,05;2,60;0,16
18/1/19 6:00;;15,34;3,95;5,06;0,18
18/1/19 7:00;;14,63;2,81;5,28;0,17
18/1/19 8:00;;14,60;2,65;11,06;0,22
18/1/19 9:00;;14,85;3,39;11,91;0,13
18/1/19 10:00;;14,81;3,35;17,44;0,15
18/1/19 11:00;;14,64;2,69;18,41;0,25
18/1/19 12:00;;14,83;1,91;24,35;0,16
18/1/19 13:00;;14,56;2,95;23,38;0,29
18/1/19 14:00;;14,87;9,15;15,52;0,18
18/1/19 15:00;;14,95;17,61;8,63;0,26
18/1/19 16:00;;14,92;13,74;21,49;0,27
18/1/19 17:00;;14,98;17,35;20,57;0,25
18/1/19 18:00;;14,99;14,69;16,85;0,31
18/1/19 19:00;;15,00;13,48;8,64;0,37
18/1/19 20:00;;15,12;18,34;3,43;0,51
18/1/19 21:00;;15,69;13,84;13,33;0,39
18/1/19 22:00;;15,78;21,29;6,40;0,40
18/1/19 23:00;;15,68;17,93;3,09;0,35
19/1/19 0:00;;15,52;9,96;3,98;0,25
19/1/19 1:00;;15,46;5,92;4,01;0,21
19/1/19 2:00;;15,54;5,75;4,47;0,16
19/1/19 3:00;;15,66;7,51;6,07;0,10
19/1/19 4:00;;15,76;8,22;10,51;0,05
19/1/19 5:00;;15,76;8,87;7,22;0,05
19/1/19 6:00;;15,71;5,91;7,73;0,05
19/1/19 7:00;;15,40;3,52;12,55;0,05
19/1/19 8:00;;15,43;3,04;15,79;0,05
19/1/19 9:00;;15,57;5,56;14,86;0,05
19/1/19 10:00;;15,37;9,19;13,12;0,05
19/1/19 11:00;;15,34;7,85;12,27;0,05
19/1/19 12:00;;15,63;6,44;9,06;0,05
19/1/19 13:00;;17,56;2,62;15,19;0,05
19/1/19 14:00;;19,07;5,20;10,22;0,05
19/1/19 15:00;;21,03;5,75;10,86;0,05
19/1/19 16:00;;19,56;3,82;13,82;0,05
19/1/19 17:00;;17,71;4,10;13,26;0,05
19/1/19 18:00;;17,13;5,65;10,96;0,05
19/1/19 19:00;;17,21;3,05;11,93;0,05
19/1/19 20:00;;18,64;3,95;11,43;0,11
19/1/19 21:00;;17,60;7,00;9,32;0,13
19/1/19 22:00;;17,92;11,08;7,37;0,05
19/1/19 23:00;;18,80;9,56;6,03;0,05
20/1/19 0:00;;19,54;5,21;5,36;0,05
21/1/19 1:00;;17,95;1,71;15,70;0,18
21/1/19 2:00;;18,18;1,51;15,08;0,16
21/1/19 3:00;;17,48;1,77;16,53;0,15
21/1/19 4:00;;16,75;1,87;16,65;0,13
21/1/19 5:00;;16,14;2,69;14,22;0,15
21/1/19 6:00;;15,83;3,80;9,98;0,25
21/1/19 7:00;;16,74;4,97;5,98;0,30
21/1/19 8:00;;15,58;6,26;;
21/1/19 9:00;;14,95;9,40;;0,29
21/1/19 10:00;;15,03;9,98;4,83;0,13
21/1/19 11:00;;15,23;10,03;7,94;0,11
21/1/19 12:00;;14,83;5,79;13,69;0,20
21/1/19 13:00;;15,20;4,97;;0,23
21/1/19 14:00;6;14,87;4,68;;0,18
21/1/19 15:00;6;14,72;9,46;;0,26
21/1/19 16:00;6;14,90;9,72;;0,23
21/1/19 17:00;6;14,94;11,04;;0,16
21/1/19 18:00;6;14,95;4,12;;0,16
21/1/19 19:00;6;14,78;1,51;;0,25
21/1/19 20:00;6;15,13;1,72;;0,13
21/1/19 21:00;6;15,37;3,97;;0,15
21/1/19 22:00;6;15,29;5,19;;0,15
21/1/19 23:00;6;15,51;5,11;;0,13
22/1/19 0:00;6;15,68;2,41;;0,20
22/1/19 1:00;6;15,65;1,67;;0,22
22/1/19 2:00;6;15,76;2,13;;0,19
22/1/19 3:00;6;15,80;4,38;;0,18
22/1/19 4:00;6;15,82;8,33;;0,29
22/1/19 5:00;6;15,76;9,60;;0,35
22/1/19 6:00;6;15,89;8,19;;0,57
22/1/19 7:00;6;15,26;7,09;;0,53
22/1/19 8:00;6;15,28;7,72;;0,52
22/1/19 9:00;6;14,82;23,05;;0,05
22/1/19 10:00;6;15,34;25,89;;0,05
22/1/19 11:00;;;;;
22/1/19 12:00;;;;;
22/1/19 13:00;;;;;
22/1/19 14:00;;;;;
22/1/19 15:00;;;;;
22/1/19 16:00;;;;;
22/1/19 17:00;;;;;
22/1/19 18:00;;;;;
22/1/19 19:00;;;;;
22/1/19 20:00;;;;;
22/1/19 21:00;;;;;
22/1/19 22:00;;;;;
22/1/19 23:00;;;;;
23/1/19 0:00;;;;;
21/3/19 1:00;;;;;
21/3/19 2:00;;;;;
21/3/19 3:00;;;;;
21/3/19 4:00;;;;;
21/3/19 5:00;;;;;
21/3/19 6:00;;;;;
21/3/19 7:00;;;;;
21/3/19 8:00;;;;;
21/3/19 9:00;;;;;
21/3/19 10:00;;;;;
21/3/19 11:00;;17,32;14,37;;
21/3/19 12:00;;17,98;6,76;;
21/3/19 13:00;;17,83;4,04;;
21/3/19 14:00;;17,84;4,51;;0,57
21/3/19 15:00;;17,85;12,09;;0,05
21/3/19 16:00;;17,89;9,73;;0,05
21/3/19 17:00;;18,17;9,40;;0,05
21/3/19 18:00;;18,28;8,01;;0,05
21/3/19 19:00;;18,52;6,61;;0,05
21/3/19 20:00;;19,41;14,56;;0,05
21/3/19 21:00;;21,72;19,81;;0,05
21/3/19 22:00;;19,20;18,33;;0,05
21/3/19 23:00;;18,37;15,11;;0,05
22/3/19 0:00;;18,18;14,13;;0,13
22/3/19 1:00;;18,11;10,45;;0,14
22/3/19 2:00;;18,03;12,50;;0,17
22/3/19 3:00;;17,88;14,80;;0,05
22/3/19 4:00;;17,63;17,50;;0,05
22/3/19 5:00;;17,54;24,32;;0,13
22/3/19 6:00;;18,85;14,10;;0,27
22/3/19 7:00;;18,90;10,04;;0,48
22/3/19 8:00;;19,34;14,57;;0,44
22/3/19 9:00;;18,29;19,17;;0,14
22/3/19 10:00;;19,29;6,98;;0,05
22/3/19 11:00;;18,22;3,44;;0,05
22/3/19 12:00;;17,90;1,98;;0,05
22/3/19 13:00;;21,77;2,29;;0,05
22/3/19 14:00;;20,96;2,51;;0,05
22/3/19 15:00;;23,54;17,12;;0,05
22/3/19 16:00;;23,85;7,86;;0,05
22/3/19 17:00;;19,41;4,99;;0,05
22/3/19 18:00;;17,99;3,60;;0,05
22/3/19 19:00;;18,07;3,57;;0,16
22/3/19 20:00;;18,14;7,38;;
22/3/19 21:00;;;;;
22/3/19 22:00;;16,29;;;
22/3/19 23:00;;17,46;;;
23/3/19 0:00;;17,77;;;
23/3/19 1:00;;17,69;;;
23/3/19 2:00;;17,93;;;
23/3/19 3:00;;18,05;;;
23/3/19 4:00;;17,92;;;
23/3/19 5:00;;17,76;;;
23/3/19 6:00;;17,82;;;
23/3/19 7:00;;17,82;;;
23/3/19 8:00;;17,80;;;
23/3/19 9:00;;17,99;;;
23/3/19 10:00;;22,19;;;
23/3/19 11:00;;21,29;;;
23/3/19 12:00;;19,49;;;
23/3/19 13:00;;18,88;;;
23/3/19 14:00;;17,66;;;
23/3/19 15:00;;17,49;;;
23/3/19 16:00;;17,49;;;
23/3/19 17:00;;17,47;;;
23/3/19 18:00;;17,59;;;
23/3/19 19:00;;18,61;;;
23/3/19 20:00;;17,86;;;
23/3/19 21:00;;17,78;;;
23/3/19 22:00;;18,08;;;
23/3/19 23:00;;18,08;;;
24/3/19 0:00;;17,90;;;
26/3/19 1:00;6;18,18;32,28;;
26/3/19 2:00;6;18,10;21,91;;
26/3/19 3:00;6;17,97;19,77;;
26/3/19 4:00;6;18,09;24,40;;
26/3/19 5:00;6;18,08;42,59;;
26/3/19 6:00;6;18,13;40,01;;
26/3/19 7:00;6;17,88;39,16;;
26/3/19 8:00;6;18,16;31,61;;
26/3/19 9:00;6;18,87;19,13;;
26/3/19 10:00;6;18,19;17,69;;
26/3/19 11:00;6;18,23;22,20;;0,05
26/3/19 12:00;6;18,17;23,08;;0,05
26/3/19 13:00;6;18,24;18,63;;0,05
26/3/19 14:00;6;18,14;14,17;;0,05
26/3/19 15:00;6;18,09;15,12;;0,05
26/3/19 16:00;12,36;17,83;21,53;;0,10
26/3/19 17:00;6;17,98;36,94;;0,10
26/3/19 18:00;6;18,05;28,86;;0,18
26/3/19 19:00;6;18,04;27,17;;0,20
26/3/19 20:00;6;17,99;21,46;;0,29
26/3/19 21:00;6;18,15;20,47;;0,42
26/3/19 22:00;6;18,96;22,32;;0,40
26/3/19 23:00;6;18,41;41,94;;0,48
27/3/19 0:00;6;18,51;53,81;;0,44
27/3/19 1:00;14,28;18,47;41,10;;0,46
27/3/19 2:00;13,36;18,35;23,35;;0,35
27/3/19 3:00;26,68;18,28;17,54;;0,34
27/3/19 4:00;31,96;18,34;23,06;;0,29
27/3/19 5:00;18,67;18,45;31,86;;0,35
27/3/19 6:00;6;18,36;34,49;;0,38
27/3/19 7:00;6;18,48;32,42;;0,51
27/3/19 8:00;6;18,43;18,82;;0,52
27/3/19 9:00;6;18,20;12,97;;0,45
27/3/19 10:00;6;18,46;22,05;;0,54
27/3/19 11:00;6;20,00;40,59;;0,47
27/3/19 12:00;6;23,63;46,35;;0,51
27/3/19 13:00;6;18,44;25,52;;0,40
27/3/19 14:00;6;18,46;12,22;;0,30
27/3/19 15:00;6;21,19;14,57;;0,12
27/3/19 16:00;6;25,89;10,52;;0,10
27/3/19 17:00;6;30,82;23,41;;0,11
27/3/19 18:00;6;29,63;15,52;;0,13
27/3/19 19:00;6;25,59;13,47;;0,12
27/3/19 20:00;6;19,40;6,15;;0,14
27/3/19 21:00;6;18,50;7,28;;0,15
27/3/19 22:00;13,93;18,51;16,72;;0,16
27/3/19 23:00;6;21,22;27,26;;0,18
28/3/19 0:00;6;18,60;22,29;;0,21
28/3/19 1:00;6;18,74;15,78;;0,17
28/3/19 2:00;6;19,17;5,07;;0,14
28/3/19 3:00;6;18,36;2,12;;0,13
28/3/19 4:00;6;18,13;2,26;;0,11
28/3/19 5:00;6;17,77;4,52;;0,12
28/3/19 6:00;6;18,10;12,22;;0,16
28/3/19 7:00;6;18,32;17,32;;0,21
28/3/19 8:00;6;21,00;12,62;;0,23
28/3/19 9:00;6;19,85;6,69;;0,22
28/3/19 10:00;;;;;
28/3/19 11:00;;;;;
28/3/19 12:00;;;;;
28/3/19 13:00;;;;;
28/3/19 14:00;;;;;
28/3/19 15:00;;;;;
28/3/19 16:00;;;;;
28/3/19 17:00;;;;;
28/3/19 18:00;;;;;
28/3/19 19:00;;;;;
28/3/19 20:00;;;;;
28/3/19 21:00;;;;;
28/3/19 22:00;;;;;
28/3/19 23:00;;;;;
29/3/19 0:00;;;;;
2/4/19 1:00;17,95;17,56;17,63;;0,12
2/4/19 2:00;6;17,54;13,40;;0,05
2/4/19 3:00;16,58;17,94;13,90;;0,11
2/4/19 4:00;22,49;18,14;13,97;;0,05
2/4/19 5:00;13,32;18,53;24,88;;0,12
2/4/19 6:00;6;18,77;29,37;;0,24
2/4/19 7:00;6;18,70;28,49;;0,39
2/4/19 8:00;6;18,67;23,10;;0,34
2/4/19 9:00;6;18,49;20,66;;0,23
2/4/19 10:00;6;18,54;18,06;;0,15
2/4/19 11:00;6;18,02;28,57;;0,13
2/4/19 12:00;15,03;17,66;28,22;;0,14
2/4/19 13:00;6;17,26;24,65;;0,18
2/4/19 14:00;6;17,07;22,96;;0,18
2/4/19 15:00;6;17,00;18,07;;0,23
2/4/19 16:00;6;17,02;18,16;;0,25
2/4/19 17:00;6;17,03;58,91;;0,34
2/4/19 18:00;16,79;17,11;102,90;;0,46
2/4/19 19:00;24,99;17,28;52,87;;0,45
2/4/19 20:00;15,31;17,35;23,14;;0,35
2/4/19 21:00;6;17,39;15,95;;0,40
2/4/19 22:00;15,12;17,42;19,64;;0,37
2/4/19 23:00;16,55;17,34;30,25;;0,40
3/4/19 0:00;6;17,51;53,62;;0,44
3/4/19 1:00;6;17,39;41,09;;0,39
3/4/19 2:00;19,95;17,54;27,36;;0,49
3/4/19 3:00;24,94;17,59;26,47;;0,38
3/4/19 4:00;14,86;17,52;21,55;;0,37
3/4/19 5:00;6;17,60;34,00;;0,38
3/4/19 6:00;6;18,00;40,05;;0,44
3/4/19 7:00;16,95;18,75;41,16;;0,74
3/4/19 8:00;17,19;17,86;30,48;;0,47
3/4/19 9:00;19,13;17,52;20,70;;0,37
3/4/19 10:00;13,8;17,23;17,73;;0,29
3/4/19 11:00;6;17,32;28,05;;0,27
3/4/19 12:00;6;17,24;24,51;;0,21
3/4/19 13:00;6;17,15;32,10;;0,26
3/4/19 14:00;18,89;17,47;23,09;;0,22
3/4/19 15:00;29,87;17,20;19,72;;0,25
3/4/19 16:00;16,04;17,10;30,09;;0,31
3/4/19 17:00;6;17,54;64,44;;0,36
3/4/19 18:00;6;17,79;108,20;;0,64
3/4/19 19:00;20,82;17,66;100,80;;0,46
3/4/19 20:00;24,9;17,57;46,34;;0,32
3/4/19 21:00;15,6;17,38;28,36;;0,28
3/4/19 22:00;6;17,59;16,33;;0,25
3/4/19 23:00;14,24;17,30;14,86;;0,15
4/4/19 0:00;15,06;17,41;11,70;;0,12
4/4/19 1:00;6;17,39;9,33;;0,13
4/4/19 2:00;6;17,54;6,17;;0,12
4/4/19 3:00;15,99;17,58;6,37;;0,15
4/4/19 4:00;6;17,76;15,92;;0,16
4/4/19 5:00;21,28;18,26;40,13;;0,22
4/4/19 6:00;32,34;17,97;46,39;;0,26
4/4/19 7:00;19,58;18,06;51,40;;0,53
4/4/19 8:00;13,05;17,73;39,90;;0,45
4/4/19 9:00;6;17,27;28,36;;0,32
4/4/19 10:00;6;17,10;23,75;;0,27
4/4/19 11:00;6;16,96;31,91;;0,25
4/4/19 12:00;6;16,98;30,03;;0,23
4/4/19 13:00;6;16,93;27,09;;0,21
4/4/19 14:00;14,02;16,98;17,73;;0,19
4/4/19 15:00;6;17,14;14,96;;0,18
4/4/19 16:00;6;17,10;38,88;;0,21
4/4/19 17:00;6;17,55;61,37;;0,18
4/4/19 18:00;6;17,80;87,87;;0,13
4/4/19 19:00;18,64;17,50;49,17;;0,13
4/4/19 20:00;19,79;17,51;22,06;;0,05
4/4/19 21:00;6;17,44;13,98;;0,12
4/4/19 22:00;6;17,43;14,57;;0,05
4/4/19 23:00;19,8;17,61;27,92;;0,05
5/4/19 0:00;38,37;17,53;29,78;;0,05
5/4/19 1:00;28,18;17,84;19,67;;0,05
5/4/19 2:00;16,27;17,91;7,72;;0,05
5/4/19 3:00;6;17,85;11,32;;0,05
5/4/19 4:00;6;17,69;9,96;;0,05
5/4/19 5:00;6;17,83;27,16;;0,05
5/4/19 6:00;6;69,73;32,27;;0,05
5/4/19 7:00;6;24,27;33,95;;0,05
5/4/19 8:00;6;24,94;19,64;;0,05
5/4/19 9:00;6;25,00;19,79;;0,05
5/4/19 10:00;6;24,95;29,55;;0,13
5/4/19 11:00;6;24,98;45,70;;0,17
5/4/19 12:00;6;24,88;40,78;;0,13
5/4/19 13:00;6;24,87;41,59;;0,12
5/4/19 14:00;6;24,82;31,60;;0,14
5/4/19 15:00;6;24,77;22,49;;0,20
5/4/19 16:00;6;24,76;20,81;;0,16
5/4/19 17:00;6;24,77;36,51;;0,21
5/4/19 18:00;6;23,91;44,48;;0,39
5/4/19 19:00;6;24,52;42,35;;0,28
5/4/19 20:00;6;24,59;30,34;;0,28
5/4/19 21:00;6;24,55;20,39;;0,23
5/4/19 22:00;6;24,43;24,65;;0,29
5/4/19 23:00;6;24,44;36,00;;0,22
6/4/19 0:00;6;24,42;35,44;;0,24
6/4/19 1:00;6;24,43;32,76;;0,29
6/4/19 2:00;6;24,36;21,01;;0,18
6/4/19 3:00;6;24,36;12,88;;0,19
6/4/19 4:00;6;24,40;11,54;;0,16
6/4/19 5:00;6;24,33;18,66;;0,16
6/4/19 6:00;13,42;24,32;27,23;;0,21
6/4/19 7:00;6;24,23;23,62;;0,26
6/4/19 8:00;6;24,23;17,09;;0,22
6/4/19 9:00;6;23,99;16,51;;0,22
6/4/19 10:00;6;24,09;23,71;;0,23
6/4/19 11:00;6;24,82;19,39;;0,18
6/4/19 12:00;6;23,82;29,28;;0,21
6/4/19 13:00;6;23,98;13,75;;0,17
6/4/19 14:00;6;24,01;12,77;;0,20
6/4/19 15:00;6;23,99;8,26;;0,29
6/4/19 16:00;6;24,00;5,62;;0,26
6/4/19 17:00;6;23,98;17,04;;0,30
6/4/19 18:00;6;24,02;29,18;;0,37
6/4/19 19:00;6;23,98;25,24;;0,36
6/4/19 20:00;6;23,98;11,30;;0,25
6/4/19 21:00;6;23,97;13,30;;0,33
6/4/19 22:00;6;23,76;12,28;;0,34
6/4/19 23:00;6;23,63;17,28;;0,27
7/4/19 0:00;6;23,68;19,13;;0,27
7/4/19 1:00;6;23,60;14,04;;0,25
7/4/19 2:00;6;24,51;13,17;;0,23
7/4/19 3:00;6;25,27;5,54;;0,22
7/4/19 4:00;6;25,64;5,57;;0,19
7/4/19 5:00;6;25,45;8,91;;0,17
7/4/19 6:00;6;23,67;12,56;;0,19
7/4/19 7:00;6;23,61;15,29;;0,19
7/4/19 8:00;6;23,72;29,95;;0,20
7/4/19 9:00;6;25,66;12,43;;0,19
7/4/19 10:00;6;31,04;12,33;;0,24
7/4/19 11:00;6;32,83;17,26;;0,26
7/4/19 12:00;6;35,34;15,46;;0,27
7/4/19 13:00;6;40,99;16,11;;0,33
7/4/19 14:00;6;31,02;7,07;;0,20
7/4/19 15:00;6;26,44;12,40;;0,05
7/4/19 16:00;6;28,52;18,42;;0,10
7/4/19 17:00;6;25,84;11,18;;0,05
7/4/19 18:00;6;24,13;11,38;;0,05
7/4/19 19:00;6;23,21;17,71;;0,05
7/4/19 20:00;6;23,24;18,32;;0,15
7/4/19 21:00;6;23,87;18,23;;0,13
7/4/19 22:00;6;24,04;14,21;;0,05
7/4/19 23:00;6;23,20;16,71;;0,05
8/4/19 0:00;6;23,19;15,45;;0,05
8/4/19 1:00;6;23,18;18,38;;0,05
8/4/19 2:00;6;23,23;12,42;;0,05
8/4/19 3:00;6;23,18;5,43;;0,05
8/4/19 4:00;6;23,17;15,73;;0,05
8/4/19 5:00;6;23,18;31,49;;0,05
8/4/19 6:00;6;23,17;35,70;;0,12
8/4/19 7:00;6;23,17;79,46;;0,23
8/4/19 8:00;6;24,44;23,40;;0,16
8/4/19 9:00;6;48,52;16,09;;0,11
8/4/19 10:00;6;34,65;8,57;;0,05
8/4/19 11:00;6;37,45;13,56;;0,05
8/4/19 12:00;6;41,28;12,56;;0,05
8/4/19 13:00;6;31,94;17,41;;0,05
8/4/19 14:00;6;30,03;14,91;;0,05
8/4/19 15:00;6;25,51;13,17;;0,13
8/4/19 16:00;6;24,79;15,39;;0,17
8/4/19 17:00;6;28,58;25,31;;0,16
8/4/19 18:00;6;31,87;38,48;;0,33
8/4/19 19:00;6;36,76;40,02;;0,41
8/4/19 20:00;6;27,69;21,58;;0,19
8/4/19 21:00;6;24,29;13,83;;0,23
8/4/19 22:00;6;23,14;13,28;;0,25
8/4/19 23:00;6;23,09;30,78;;0,28
9/4/19 0:00;6;23,00;40,40;;0,25
9/4/19 1:00;6;23,02;42,66;;0,17
9/4/19 2:00;6;22,95;21,01;;0,22
9/4/19 3:00;12,75;22,99;15,62;;0,15
9/4/19 4:00;6;22,95;11,20;;0,13
9/4/19 5:00;6;23,11;20,33;;0,16
9/4/19 6:00;12,26;24,70;26,38;;0,33
9/4/19 7:00;6;23,09;19,17;;0,40
9/4/19 8:00;6;24,52;24,06;;0,49
9/4/19 9:00;6;25,31;32,35;;0,40
9/4/19 10:00;6;26,09;12,19;;0,27
9/4/19 11:00;6;23,68;7,64;;0,17
9/4/19 12:00;6;23,75;6,85;;0,17
9/4/19 13:00;6;23,67;6,40;;0,18
9/4/19 14:00;6;23,88;4,94;;0,18
9/4/19 15:00;12,76;24,05;4,83;;0,05
9/4/19 16:00;20,8;26,91;5,81;;0,05
9/4/19 17:00;15,97;24,24;10,57;;0,05
9/4/19 18:00;6;23,31;16,68;;0,10
9/4/19 19:00;6;22,77;17,30;;0,05
9/4/19 20:00;6;22,63;6,55;;0,05
9/4/19 21:00;6;22,65;4,59;;0,05
9/4/19 22:00;6;22,67;5,56;;0,05
9/4/19 23:00;6;22,67;19,45;;0,05
10/4/19 0:00;6;22,74;17,77;;0,05
10/4/19 1:00;6;22,87;23,31;;0,05
10/4/19 2:00;6;23,00;25,69;;0,05
10/4/19 3:00;6;23,55;19,54;;0,05
10/4/19 4:00;6;23,21;14,49;;0,05
10/4/19 5:00;6;23,73;26,09;;0,05
10/4/19 6:00;6;24,96;25,17;;0,15
10/4/19 7:00;6;24,04;25,39;;0,29
10/4/19 8:00;6;25,13;27,66;;0,41
10/4/19 9:00;6;24,84;31,30;;0,18
10/4/19 10:00;6;24,55;37,97;;0,15
10/4/19 11:00;6;23,39;12,88;;0,05
10/4/19 12:00;6;22,50;6,97;;0,05
10/4/19 13:00;6;22,25;6,10;;0,05
10/4/19 14:00;6;22,17;6,05;;0,05
10/4/19 15:00;6;21,96;9,58;;0,23
10/4/19 16:00;13,64;22,09;16,41;;0,22
10/4/19 17:00;6;23,38;56,94;;0,31
10/4/19 18:00;6;23,44;115,10;;0,51
10/4/19 19:00;6;22,74;30,76;;0,31
10/4/19 20:00;6;22,99;22,26;;0,40
10/4/19 21:00;6;22,53;20,40;;0,51
10/4/19 22:00;6;23,10;26,98;;0,68
10/4/19 23:00;6;22,82;39,91;;0,41
11/4/19 0:00;6;22,89;37,69;;0,42
22/4/19 1:00;6;38,22;;;0,05
22/4/19 2:00;6;30,85;;;0,05
22/4/19 3:00;6;25,66;;;0,05
22/4/19 4:00;6;23,98;;;0,05
22/4/19 5:00;6;23,87;;;0,05
22/4/19 6:00;6;23,70;;;0,05
22/4/19 7:00;6;23,85;;;0,05
22/4/19 8:00;6;23,99;;;0,05
22/4/19 9:00;6;23,88;;;0,11
22/4/19 10:00;6;26,34;;;0,05
22/4/19 11:00;6;37,79;;;0,05
22/4/19 12:00;6;29,66;;;0,05
22/4/19 13:00;6;25,87;;;0,05
22/4/19 14:00;6;28,10;;;0,12
22/4/19 15:00;6;53,42;;;0,35
22/4/19 16:00;6;45,03;;;0,30
22/4/19 17:00;6;37,28;;;0,41
22/4/19 18:00;6;30,33;;;0,36
22/4/19 19:00;6;31,93;;;0,48
22/4/19 20:00;6;40,71;;;0,47
22/4/19 21:00;6;35,41;;;0,41
22/4/19 22:00;6;26,30;;;0,36
22/4/19 23:00;6;23,99;;;0,32
23/4/19 0:00;6;24,11;;;0,26
23/4/19 1:00;6;25,41;;;0,30
23/4/19 2:00;6;25,78;;;0,46
23/4/19 3:00;6;26,54;;;0,41
23/4/19 4:00;6;24,76;;;0,35
23/4/19 5:00;6;24,10;;;0,35
23/4/19 6:00;6;24,86;;;0,35
23/4/19 7:00;6;24,57;;;0,49
23/4/19 8:00;6;23,78;;;0,45
23/4/19 9:00;6;23,22;;;0,40
23/4/19 10:00;6;22,75;;;0,39
23/4/19 11:00;6;22,84;;;0,39
23/4/19 12:00;6;29,65;;;0,41
23/4/19 13:00;6;27,77;;;0,52
23/4/19 14:00;6;31,09;;;0,46
23/4/19 15:00;6;29,95;;;0,31
23/4/19 16:00;6;30,52;;;0,38
23/4/19 17:00;6;31,07;;;0,40
23/4/19 18:00;6;32,34;;;0,47
23/4/19 19:00;6;26,01;;;0,37
23/4/19 20:00;6;24,31;;;0,33
23/4/19 21:00;6;23,92;;;0,30
23/4/19 22:00;6;23,79;;;0,35
23/4/19 23:00;6;23,61;;;0,27
24/4/19 0:00;6;23,19;;;0,22
24/4/19 1:00;6;22,89;;;0,22
24/4/19 2:00;6;22,74;;;0,20
24/4/19 3:00;6;23,01;;;0,18
24/4/19 4:00;6;23,11;;;0,22
24/4/19 5:00;6;24,01;;;0,32
24/4/19 6:00;6;23,80;;;0,32
24/4/19 7:00;6;24,24;;;0,55
24/4/19 8:00;6;24,26;;;0,73
24/4/19 9:00;6;25,51;;;0,77
24/4/19 10:00;6;24,71;;;0,51
24/4/19 11:00;6;23,61;;;0,32
24/4/19 12:00;6;23,17;;;0,26
24/4/19 13:00;6;22,53;;;0,25
24/4/19 14:00;6;22,77;;;0,31
24/4/19 15:00;6;22,96;;;0,36
24/4/19 16:00;6;23,02;;;0,44
24/4/19 17:00;13,68;23,67;;;0,71
24/4/19 18:00;18,37;23,89;;;0,36
24/4/19 19:00;13,53;25,10;;;0,40
24/4/19 20:00;6;26,45;;;0,42
24/4/19 21:00;6;32,71;;;0,40
24/4/19 22:00;6;26,52;;;0,47
24/4/19 23:00;6;24,72;;;0,37
25/4/19 0:00;6;23,99;;;0,30
25/4/19 1:00;6;24,13;;;0,32
25/4/19 2:00;6;24,07;;;0,27
25/4/19 3:00;6;23,25;;;0,19
25/4/19 4:00;6;23,55;;;0,20
25/4/19 5:00;6;23,41;;;0,17
25/4/19 6:00;6;23,25;;;0,24
25/4/19 7:00;6;23,11;;;0,31
25/4/19 8:00;6;24,63;;;0,35
25/4/19 9:00;6;25,36;;;0,28
25/4/19 10:00;6;23,96;;;0,30
25/4/19 11:00;6;24,00;;;0,28
25/4/19 12:00;6;23,75;;;0,30
25/4/19 13:00;6;22,90;;;0,23
25/4/19 14:00;6;22,70;;;0,21
25/4/19 15:00;6;23,51;;;0,45
25/4/19 16:00;6;23,98;;;0,46
25/4/19 17:00;6;23,80;;;0,40
25/4/19 18:00;6;23,36;;;0,51
25/4/19 19:00;6;22,72;;;0,49
25/4/19 20:00;6;22,61;;;0,45
25/4/19 21:00;6;23,09;;;0,41
25/4/19 22:00;6;22,86;;;0,46
25/4/19 23:00;6;22,99;;;0,43
26/4/19 0:00;6;22,78;;;0,46
26/4/19 1:00;6;22,71;;;0,44
26/4/19 2:00;6;22,78;;;0,40
26/4/19 3:00;6;22,55;;;0,40
26/4/19 4:00;6;22,63;;;0,45
26/4/19 5:00;6;22,54;;;0,48
26/4/19 6:00;6;22,56;;;0,45
26/4/19 7:00;6;22,54;;;0,53
26/4/19 8:00;6;22,56;;;0,54
26/4/19 9:00;6;22,48;;;0,55
26/4/19 10:00;6;22,43;;;0,56
26/4/19 11:00;6;22,46;;;0,56
26/4/19 12:00;6;22,35;;;0,67
26/4/19 13:00;6;22,35;;;0,66
26/4/19 14:00;;22,69;;;0,55
26/4/19 15:00;6;22,39;;;0,37
26/4/19 16:00;6;22,59;;;0,28
26/4/19 17:00;6;22,66;;;0,37
26/4/19 18:00;6;22,60;;;0,28
26/4/19 19:00;6;22,48;;;0,32
26/4/19 20:00;6;22,67;;;0,26
26/4/19 21:00;6;22,59;;;0,30
26/4/19 22:00;6;22,66;;;0,27
26/4/19 23:00;13,43;22,63;;;0,17
27/4/19 0:00;6;22,57;;;0,19
27/4/19 1:00;6;22,64;;;0,19
27/4/19 2:00;6;22,66;;;0,20
27/4/19 3:00;6;22,71;;;0,23
27/4/19 4:00;6;22,68;;;0,22
27/4/19 5:00;6;22,73;;;0,19
27/4/19 6:00;6;23,02;;;0,20
27/4/19 7:00;6;22,71;;;0,21
27/4/19 8:00;6;22,69;;;0,30
27/4/19 9:00;6;22,54;;;0,30
27/4/19 10:00;6;22,65;;;0,23
27/4/19 11:00;6;22,44;;;0,25
27/4/19 12:00;6;22,39;;;0,24
27/4/19 13:00;6;22,40;;;0,23
27/4/19 14:00;6;22,48;;;0,21
27/4/19 15:00;6;22,46;;;0,42
27/4/19 16:00;12,06;22,59;;;0,48
27/4/19 17:00;6;22,70;;;0,57
27/4/19 18:00;6;22,46;;;0,57
27/4/19 19:00;6;22,48;;;0,48
27/4/19 20:00;6;22,50;;;0,46
27/4/19 21:00;6;22,46;;;0,49
27/4/19 22:00;6;22,48;;;0,51
27/4/19 23:00;6;22,50;;;0,42
28/4/19 0:00;6;22,44;;;0,40
28/4/19 1:00;6;22,48;;;0,38
28/4/19 2:00;6;22,54;;;0,36
28/4/19 3:00;6;22,66;;;0,36
28/4/19 4:00;6;22,49;;;0,33
28/4/19 5:00;6;22,50;;;0,38
28/4/19 6:00;6;22,52;;;0,33
28/4/19 7:00;6;22,57;;;0,23
28/4/19 8:00;6;22,71;;;0,28
28/4/19 9:00;6;22,62;;;0,27
28/4/19 10:00;6;22,59;;;0,30
28/4/19 11:00;6;22,54;;;0,23
28/4/19 12:00;6;22,67;;;0,25
28/4/19 13:00;6;22,51;;;0,33
28/4/19 14:00;6;22,66;;;0,33
28/4/19 15:00;6;22,58;;;0,20
28/4/19 16:00;6;22,61;;;0,18
28/4/19 17:00;6;22,64;;;0,17
28/4/19 18:00;6;23,21;;;0,40
28/4/19 19:00;6;24,24;;;0,59
28/4/19 20:00;6;23,52;;;0,45
28/4/19 21:00;6;23,17;;;0,20
28/4/19 22:00;6;23,11;;;0,28
28/4/19 23:00;6;23,56;;;0,51
29/4/19 0:00;6;23,21;;;0,32
29/4/19 1:00;6;23,05;;;0,31
29/4/19 2:00;6;23,34;;;0,26
29/4/19 3:00;6;22,93;;;0,20
29/4/19 4:00;6;22,75;;;0,20
29/4/19 5:00;6;23,61;;;0,18
29/4/19 6:00;6;23,84;;;0,18
29/4/19 7:00;6;24,61;;;0,51
29/4/19 8:00;6;23,63;;;0,32
29/4/19 9:00;6;23,85;;;0,24
29/4/19 10:00;;;;;
29/4/19 11:00;;;;;
29/4/19 12:00;;;;;
29/4/19 13:00;;;;;
29/4/19 14:00;;;;;
29/4/19 15:00;;;;;
29/4/19 16:00;;;;;
29/4/19 17:00;;;;;
29/4/19 18:00;;;;;
29/4/19 19:00;;;;;
29/4/19 20:00;;;;;
29/4/19 21:00;;;;;
29/4/19 22:00;;;;;
29/4/19 23:00;;;;;
30/4/19 0:00;;;;;
13/12/19 1:00;;;;;
13/12/19 2:00;;;;;
13/12/19 3:00;;;;;
13/12/19 4:00;;;;;
13/12/19 5:00;;;;;
13/12/19 6:00;;;;;
13/12/19 7:00;;;;;
13/12/19 8:00;;;;;
13/12/19 9:00;;;;;
13/12/19 10:00;;;;;
13/12/19 11:00;;;;;
13/12/19 12:00;;;;;
13/12/19 13:00;51,47;26,45;16,00;;0,05
13/12/19 14:00;30,12;16,81;18,34;;0,05
13/12/19 15:00;29,47;28,95;18,00;;0,05
13/12/19 16:00;41,52;13,04;18,08;;0,05
13/12/19 17:00;45,38;30,97;18,45;;0,05
13/12/19 18:00;42,99;15,04;19,62;;0,05
13/12/19 19:00;63,17;14,99;15,22;;0,05
13/12/19 20:00;56,12;12,58;11,92;;0,05
13/12/19 21:00;54,07;12,60;12,86;;0,05
13/12/19 22:00;43,5;12,62;13,35;;0,05
13/12/19 23:00;44,36;12,34;10,98;;0,10
14/12/19 0:00;31,55;12,33;12,23;;0,05
14/12/19 1:00;29,49;12,34;10,03;;0,05
14/12/19 2:00;41,51;12,29;12,76;;0,05
14/12/19 3:00;32,9;12,33;15,49;;0,05
14/12/19 4:00;31,29;12,33;18,20;;0,05
14/12/19 5:00;26,89;12,33;19,52;;0,05
14/12/19 6:00;41,53;12,36;16,05;;0,05
14/12/19 7:00;49,4;12,30;14,58;;0,05
14/12/19 8:00;34,88;14,30;18,33;;0,05
14/12/19 9:00;24,25;43,75;20,97;;0,05
14/12/19 10:00;32,39;13,26;17,99;;0,05
14/12/19 11:00;36,16;15,35;11,95;;0,05
14/12/19 12:00;24,86;32,15;13,32;;0,05
14/12/19 13:00;20,43;16,95;12,49;;0,05
14/12/19 14:00;17,93;12,58;5,71;;0,05
14/12/19 15:00;33,75;12,67;4,49;;0,05
14/12/19 16:00;34,99;15,89;20,57;;0,05
14/12/19 17:00;27,81;33,93;27,61;;0,05
14/12/19 18:00;54,05;14,27;16,82;;0,05
14/12/19 19:00;42,25;19,86;19,06;;0,05
14/12/19 20:00;76,9;13,69;23,06;;0,05
14/12/19 21:00;59,72;13,42;21,55;;0,05
14/12/19 22:00;68,46;15,27;20,79;;0,05
14/12/19 23:00;53,3;14,53;22,37;;0,05
15/12/19 0:00;62,75;12,60;20,26;;0,05
15/12/19 1:00;55,2;12,37;18,89;;0,26
15/12/19 2:00;51,25;12,56;20,69;;0,17
15/12/19 3:00;56,24;12,59;22,87;;0,13
15/12/19 4:00;56,82;12,57;19,44;;0,15
15/12/19 5:00;58,65;12,55;15,65;;0,15
15/12/19 6:00;43,9;12,56;17,87;;0,19
15/12/19 7:00;34,23;12,58;25,13;;0,14
15/12/19 8:00;51,05;12,41;12,73;;0,13
15/12/19 9:00;29,03;12,53;11,03;;0,05
15/12/19 10:00;25,27;12,30;8,00;;0,11
15/12/19 11:00;15,24;12,05;4,33;;0,14
15/12/19 12:00;6;12,04;3,46;;0,13
15/12/19 13:00;6;11,97;2,65;;0,16
15/12/19 14:00;6;11,73;0,47;;0,15
15/12/19 15:00;6;11,83;1,13;;0,14
15/12/19 16:00;12,16;11,95;1,25;;0,05
15/12/19 17:00;12,17;11,89;1,56;;0,05
15/12/19 18:00;15,59;11,74;2,66;;0,05
15/12/19 19:00;51,08;11,71;3,30;;0,05
15/12/19 20:00;38,25;11,82;15,21;;0,05
15/12/19 21:00;20,88;11,73;3,95;;0,05
15/12/19 22:00;22,99;11,71;4,49;;0,05
15/12/19 23:00;13,46;11,69;7,30;;0,05
16/12/19 0:00;6;11,73;11,38;;0,05
22/12/19 1:00;19,48;10,75;;;0,05
22/12/19 2:00;14,86;12,68;;;0,05
22/12/19 3:00;19,67;11,00;;;0,05
22/12/19 4:00;29,91;11,02;;;0,05
22/12/19 5:00;17,25;11,05;;;0,05
22/12/19 6:00;16,59;11,02;;;0,05
22/12/19 7:00;15,68;11,07;;;0,05
22/12/19 8:00;6;10,84;;;0,05
22/12/19 9:00;6;11,64;;;0,05
22/12/19 10:00;6;10,85;;;0,05
22/12/19 11:00;6;10,37;;;0,10
22/12/19 12:00;15,46;10,37;;;0,17
22/12/19 13:00;6;10,47;;;0,20
22/12/19 14:00;6;10,89;;;0,17
22/12/19 15:00;6;10,69;;;0,22
22/12/19 16:00;12,54;10,31;;;0,18
22/12/19 17:00;19,15;10,36;;;0,18
22/12/19 18:00;25,58;10,37;;;0,15
22/12/19 19:00;15,38;10,79;;;0,17
22/12/19 20:00;6;13,79;;;0,18
22/12/19 21:00;6;11,80;;;0,18
22/12/19 22:00;6;11,16;;;0,20
22/12/19 23:00;6;10,76;;;0,21
23/12/19 0:00;14,76;10,82;;;0,21
23/12/19 1:00;19,92;10,91;;;0,05
23/12/19 2:00;18,96;18,93;;;0,05
23/12/19 3:00;37,08;14,97;;;0,05
23/12/19 4:00;47,2;18,85;;;0,05
23/12/19 5:00;42,14;19,86;;;0,05
23/12/19 6:00;31,26;21,92;;;0,10
23/12/19 7:00;25,75;14,46;10,72;;0,05
23/12/19 8:00;27,84;13,58;7,09;;0,05
23/12/19 9:00;19,67;14,80;6,34;;0,05
23/12/19 10:00;26,67;12,28;2,64;;0,05
23/12/19 11:00;14,46;12,31;1,41;;0,05
23/12/19 12:00;6;12,73;2,12;;0,05
23/12/19 13:00;6;13,22;2,35;;0,05
23/12/19 14:00;6;12,08;1,23;;0,05
23/12/19 15:00;6;11,17;1,10;;0,05
23/12/19 16:00;6;10,70;0,47;;0,05
23/12/19 17:00;6;11,25;0,47;;0,05
23/12/19 18:00;6;11,07;1,00;;0,05
23/12/19 19:00;6;11,49;2,30;;0,05
23/12/19 20:00;6;11,43;15,95;;0,05
23/12/19 21:00;24,3;10,77;19,39;;0,05
23/12/19 22:00;33,01;10,66;20,43;;0,05
23/12/19 23:00;37,32;10,83;13,36;;0,05
24/12/19 0:00;30,9;10,79;13,02;;0,05
24/12/19 1:00;40,82;10,84;15,76;;0,05
24/12/19 2:00;25,5;10,86;12,42;;0,05
24/12/19 3:00;16,73;10,95;8,99;;0,05
24/12/19 4:00;21,48;11,04;12,32;;0,05
24/12/19 5:00;33,53;11,15;10,05;;0,05
24/12/19 6:00;26,51;11,27;11,70;;0,05
24/12/19 7:00;21,99;12,21;15,93;;0,05
24/12/19 8:00;34,1;12,61;21,06;;0,05
24/12/19 9:00;39,13;12,13;16,51;;0,05
24/12/19 10:00;37,5;10,50;7,66;;0,05
24/12/19 11:00;22,49;10,43;4,43;;0,05
24/12/19 12:00;23,84;10,25;3,46;;0,05
24/12/19 13:00;18,34;10,19;2,67;;0,05
24/12/19 14:00;16,5;10,11;4,60;;0,05
24/12/19 15:00;6;12,34;1,49;;0,05
24/12/19 16:00;6;23,33;11,54;;0,11
24/12/19 17:00;6;35,92;14,71;;0,12
24/12/19 18:00;18,88;13,20;9,53;;0,24
24/12/19 19:00;27,62;12,35;9,14;;0,23
24/12/19 20:00;26,06;12,53;12,18;;0,11
24/12/19 21:00;36,07;12,53;11,69;;0,11
24/12/19 22:00;49,6;11,83;13,31;;0,26
24/12/19 23:00;40,42;11,24;10,28;;0,19
25/12/19 0:00;50,94;11,02;11,08;;0,29
25/12/19 1:00;53,97;11,40;12,21;;0,11
25/12/19 2:00;49,62;12,11;24,19;;0,14
25/12/19 3:00;58,29;11,77;19,15;;0,19
25/12/19 4:00;67,64;11,11;22,57;;0,35
25/12/19 5:00;57,85;10,96;20,43;;0,16
25/12/19 6:00;47,63;11,01;16,05;;0,12
25/12/19 7:00;42;11,92;14,31;;0,12
25/12/19 8:00;57,99;12,74;14,31;;0,18
25/12/19 9:00;44,27;12,03;8,15;;0,11
25/12/19 10:00;31,05;10,23;3,17;;0,10
25/12/19 11:00;33,08;10,12;0,47;;0,05
25/12/19 12:00;20,91;10,26;0,47;;0,05
25/12/19 13:00;20,51;10,78;0,47;;0,05
25/12/19 14:00;12,9;10,64;0,47;;0,05
25/12/19 15:00;6;11,06;0,47;;0,05
25/12/19 16:00;6;11,47;0,47;;0,05
25/12/19 17:00;6;11,45;1,04;;0,05
25/12/19 18:00;6;11,70;1,37;;0,05
25/12/19 19:00;6;11,32;1,27;;0,05
25/12/19 20:00;6;11,15;9,51;;0,10
25/12/19 21:00;22,63;10,77;16,55;;0,13
25/12/19 22:00;42,67;10,67;20,92;;0,15
25/12/19 23:00;47,81;10,62;19,18;;0,12
26/12/19 0:00;58,65;10,71;15,34;;0,05
26/12/19 1:00;57;10,69;12,22;;0,12
26/12/19 2:00;60,24;10,67;18,95;;0,05
26/12/19 3:00;43,05;10,66;26,67;;0,11
26/12/19 4:00;33,41;10,74;20,80;;0,11
26/12/19 5:00;33,2;10,75;17,60;;0,05
26/12/19 6:00;23;11,32;21,94;;0,05
26/12/19 7:00;31,28;11,34;25,15;;0,13
26/12/19 8:00;33,7;11,66;21,69;;0,05
26/12/19 9:00;35,94;10,67;18,50;;0,05
26/12/19 10:00;51,53;11,63;13,44;;0,05
26/12/19 11:00;41,69;12,56;10,79;;0,05
26/12/19 12:00;37,18;11,77;6,95;;0,05
26/12/19 13:00;33;10,73;8,33;;0,05
26/12/19 14:00;37,45;11,11;5,38;;0,05
26/12/19 15:00;39,01;12,57;14,28;;0,12
26/12/19 16:00;31,58;18,64;25,38;;0,12
26/12/19 17:00;25,89;17,48;19,55;;0,05
26/12/19 18:00;32,66;18,40;19,26;;0,05
26/12/19 19:00;34,62;70,70;21,41;;0,05
26/12/19 20:00;42,73;55,41;20,55;;0,05
26/12/19 21:00;40,27;17,71;12,32;;0,05
26/12/19 22:00;45,05;13,46;9,83;;0,05
26/12/19 23:00;37,39;12,55;12,31;;0,05
27/12/19 0:00;34,99;11,23;12,58;;0,05
27/12/19 1:00;31,45;10,98;8,51;;0,05
27/12/19 2:00;32,51;10,95;8,56;;0,05
27/12/19 3:00;28,9;10,99;8,00;;0,05
27/12/19 4:00;26,97;11,08;8,55;;0,05
27/12/19 5:00;24,66;11,06;10,18;;0,05
27/12/19 6:00;15;11,12;19,79;;0,05
27/12/19 7:00;6;11,17;20,64;;0,10
27/12/19 8:00;13,25;12,59;18,95;;0,05
27/12/19 9:00;15,92;14,59;22,29;;0,10
27/12/19 10:00;22,19;59,63;17,72;;0,05
27/12/19 11:00;37,21;94,50;21,45;;0,05
27/12/19 12:00;23,82;76,09;28,78;;0,05
27/12/19 13:00;30,96;44,37;20,03;;0,05
27/12/19 14:00;38,89;34,62;16,78;;0,05
27/12/19 15:00;24,76;24,70;20,01;;0,05
27/12/19 16:00;27,51;21,89;18,55;;0,05
27/12/19 17:00;28;26,49;18,07;;0,05
27/12/19 18:00;21,38;38,27;;;0,05
27/12/19 19:00;32,24;58,17;17,73;;0,05
27/12/19 20:00;35,23;35,02;15,89;;0,10
27/12/19 21:00;39,18;14,54;14,37;;0,05
27/12/19 22:00;41,53;12,82;11,94;;0,05
27/12/19 23:00;33,96;12,43;11,40;;0,05
28/12/19 0:00;41,65;11,68;10,07;;0,05
28/12/19 1:00;37,92;11,38;8,04;;0,13
28/12/19 2:00;28,49;11,23;10,72;;0,13
28/12/19 3:00;17,65;11,18;11,13;;0,15
28/12/19 4:00;18,29;11,14;10,49;;0,14
28/12/19 5:00;19,61;10,96;13,57;;0,18
28/12/19 6:00;13,5;11,36;18,01;;0,19
28/12/19 7:00;12,65;11,55;17,34;;0,21
28/12/19 8:00;21,86;12,34;18,78;;0,19
28/12/19 9:00;20,22;11,43;7,97;;0,12
28/12/19 10:00;21,71;10,44;1,69;;0,12
28/12/19 11:00;28,35;10,36;0,94;;0,10
28/12/19 12:00;15,42;10,54;0,47;;0,10
28/12/19 13:00;12,14;10,71;3,02;;0,10
28/12/19 14:00;15,98;11,50;2,07;;0,05
28/12/19 15:00;13,06;12,74;2,57;;0,05
28/12/19 16:00;6;15,17;5,17;;0,05
28/12/19 17:00;6;17,36;9,08;;0,15
28/12/19 18:00;18,31;13,44;8,60;;0,16
28/12/19 19:00;25,96;13,08;10,55;;0,10
28/12/19 20:00;23,65;13,07;15,40;;0,16
28/12/19 21:00;44,86;12,00;17,52;;0,18
28/12/19 22:00;43,64;11,07;15,09;;0,19
28/12/19 23:00;52,58;21,34;12,40;;0,20
29/12/19 0:00;57,95;12,28;9,15;;0,10
29/12/19 1:00;41,75;11,20;11,76;;0,13
29/12/19 2:00;43,73;11,10;11,22;;0,16
29/12/19 3:00;28,65;11,04;7,34;;0,13
29/12/19 4:00;30,35;11,13;7,87;;0,13
29/12/19 5:00;16,74;11,07;10,94;;0,12
29/12/19 6:00;12,59;11,14;8,05;;0,12
29/12/19 7:00;15,54;11,07;4,71;;0,12
29/12/19 8:00;25,25;10,92;4,40;;0,15
29/12/19 9:00;18,84;10,70;3,52;;0,05
29/12/19 10:00;18,89;10,62;2,48;;0,05
29/12/19 11:00;19,05;10,33;1,68;;0,05
29/12/19 12:00;18,88;10,47;1,40;;0,05
29/12/19 13:00;17,26;10,78;3,07;;0,05
29/12/19 14:00;19,43;10,98;3,46;;0,05
29/12/19 15:00;18,76;11,35;3,35;;0,10
29/12/19 16:00;23,13;11,55;7,56;;0,05
29/12/19 17:00;23,05;12,72;9,41;;0,05
29/12/19 18:00;6;15,50;10,68;;0,05
29/12/19 19:00;6;34,02;12,26;;0,10
29/12/19 20:00;6;43,68;18,49;;0,21
29/12/19 21:00;6;28,19;15,23;;0,21
29/12/19 22:00;29,31;23,54;16,65;;0,18
29/12/19 23:00;49,44;14,74;18,56;;0,24
30/12/19 0:00;48,85;14,34;16,86;;0,13
30/12/19 1:00;54,58;13,66;10,75;;0,24
30/12/19 2:00;45,09;12,88;10,75;;0,22
30/12/19 3:00;52,99;13,47;7,01;;0,20
30/12/19 4:00;37,29;11,73;7,58;;0,19
30/12/19 5:00;26,14;11,15;8,88;;0,26
30/12/19 6:00;15,04;11,25;13,07;;0,32
30/12/19 7:00;13,94;11,21;12,37;;0,28
30/12/19 8:00;25,8;11,13;11,36;;0,22
30/12/19 9:00;18,32;11,01;9,57;;0,21
30/12/19 10:00;27,65;10,74;3,42;;0,20
30/12/19 11:00;28,33;10,85;4,87;;0,22
30/12/19 12:00;27,32;10,70;4,95;;0,18
30/12/19 13:00;23,87;10,76;3,76;;0,20
30/12/19 14:00;16,34;10,97;3,50;;0,22
30/12/19 15:00;19,97;11,35;3,43;;0,18
30/12/19 16:00;17,37;11,64;14,97;;0,27
30/12/19 17:00;37,91;33,99;15,89;;0,31
30/12/19 18:00;36,62;32,70;14,68;;0,28
30/12/19 19:00;31,76;45,50;14,12;;0,28
30/12/19 20:00;42,97;62,75;19,35;;0,34
30/12/19 21:00;60,31;36,57;16,55;;0,29
30/12/19 22:00;67,2;15,79;17,44;;0,31
30/12/19 23:00;48,1;13,10;13,04;;0,22
31/12/19 0:00;61,92;12,97;11,67;;0,23
31/12/19 1:00;60,95;12,86;9,06;;0,14
31/12/19 2:00;65,71;12,56;11,88;;0,16
31/12/19 3:00;45,29;11,75;10,96;;0,14
31/12/19 4:00;36,08;11,19;10,34;;0,12
31/12/19 5:00;46,27;11,22;8,83;;0,14
31/12/19 6:00;29,92;11,29;10,47;;0,15
31/12/19 7:00;28,28;11,29;13,07;;0,17
31/12/19 8:00;29,34;11,59;23,42;;0,16
31/12/19 9:00;44,49;13,02;28,74;;0,20
31/12/19 10:00;42,18;12,24;11,95;;0,20
31/12/19 11:00;44,83;10,84;3,71;;0,11
31/12/19 12:00;44,83;10,93;2,47;;0,14
31/12/19 13:00;44,83;11,25;1,42;;0,12
31/12/19 14:00;44,83;11,66;1,79;;0,11
31/12/19 15:00;44,84;12,86;3,20;;0,17
31/12/19 16:00;44,84;14,92;1,67;;0,17
31/12/19 17:00;44,84;13,34;1,36;;0,18
31/12/19 18:00;44,85;12,37;1,09;;0,18
31/12/19 19:00;48,6;11,50;9,93;;0,22
31/12/19 20:00;46,68;11,05;16,74;;0,26
31/12/19 21:00;35,23;11,02;19,39;;0,29
31/12/19 22:00;37,83;11,08;15,25;;0,46
31/12/19 23:00;37,42;11,05;12,20;;0,47
;;;;;
;;;;;
;;;;;
;;;;;
;;;;;
;;;;;
;;;;;
;;;;;
;;;;;
;;;;;
;;;;;
;;;;;
;;;;;
;;;;;
;;;;;
;;;;;
;;;;;
;;;;;
;;;;;
;;;;;
;;;;;
;;;;;
;;;;;
;;;;;
;;;;;
;;;;;
;;;;;
;;;;;
;;;;;
;;;;;
;;;;;
;;;;;
;;;;;
;;;;;
;;;;;
;;;;;
;;;;;
;;;;;
;;;;;
;;;;;
;;;;;
;;;;;
;;;;;
;;;;;
;;;;;
;;;;;
;;;;;
;;;;;
;;;;;
;;;;;
;;;;;
;;;;;
;;;;;
;;;;;
;;;;;
;;;;;
;;;;;
;;;;;
;;;;;
;;;;;
;;;;;
;;;;;
;;;;;
;;;;;
;;;;;
;;;;;
;;;;;
;;;;;
;;;;;
;;;;;
;;;;;
;;;;;
;;;;;
;;;;;
;;;;;
;;;;;
;;;;;
;;;;;
;;;;;
;;;;;
;;;;;
;;;;;
;;;;;
;;;;;
;;;;;
;;;;;
;;;;;
;;;;;
;;;;;
;;;;;
;;;;;
;;;;;
;;;;;
;;;;;
;;;;;
;;;;;
;;;;;
;;;;;
;;;;;
;;;;;
;;;;;
;;;;;
;;;;;
;;;;;
;;;;;
;;;;;
;;;;;
;;;;;
;;;;;
;;;;;
;;;;;
;;;;;
;;;;;
;;;;;
;;;;;
;;;;;
;;;;;
;;;;;
;;;;;
;;;;;
;;;;;
;;;;;
;;;;;
;;;;;
;;;;;
;;;;;
;;;;;
;;;;;
;;;;;
;;;;;
;;;;;
;;;;;
;;;;;
;;;;;
;;;;;
;;;;;
;;;;;
;;;;;
;;;;;
;;;;;
;;;;;
;;;;;
;;;;;
;;;;;
;;;;;
;;;;;
;;;;;
;;;;;
;;;;;
;;;;;
;;;;;
;;;;;
;;;;;
;;;;;
;;;;;
;;;;;
;;;;;
;;;;;
;;;;;
;;;;;
;;;;;
;;;;;
;;;;;
;;;;;
;;;;;
;;;;;
;;;;;
;;;;;
;;;;;
;;;;;
;;;;;
;;;;;
;;;;;
;;;;;
;;;;;
;;;;;
;;;;;
;;;;;
;;;;;
;;;;;
;;;;;
;;;;;
;;;;;
;;;;;
;;;;;
;;;;;
;;;;;
;;;;;
;;;;;
;;;;;
;;;;;
;;;;;
;;;;;
;;;;;
;;;;;
;;;;;
;;;;;
;;;;;
;;;;;
;;;;;
;;;;;
;;;;;
;;;;;
;;;;;
;;;;;
;;;;;
;;;;;
;;;;;
;;;;;
;;;;;
;;;;;
;;;;;
;;;;;
;;;;;
;;;;;
;;;;;
;;;;;
;;;;;
;;;;;
;;;;;
;;;;;
;;;;;
;;;;;
;;;;;
;;;;;
;;;;;
;;;;;
;;;;;
;;;;;
;;;;;
;;;;;
;;;;;
;;;;;
;;;;;
;;;;;
;;;;;
;;;;;
;;;;;
;;;;;
;;;;;
;;;;;
;;;;;
;;;;;
;;;;;
;;;;;
;;;;;
;;;;;
;;;;;
;;;;;
;;;;;
;;;;;
;;;;;
;;;;;
;;;;;
;;;;;
;;;;;
;;;;;
;;;;;
;;;;;
;;;;;
;;;;;
;;;;;
;;;;;
;;;;;
;;;;;
;;;;;
;;;;;
;;;;;
;;;;;
;;;;;
;;;;;
;;;;;
;;;;;
;;;;;
;;;;;
;;;;;
;;;;;
;;;;;
;;;;;
;;;;;
;;;;;
;;;;;
;;;;;
;;;;;
;;;;;
;;;;;
;;;;;
;;;;;
;;;;;
;;;;;
;;;;;
;;;;;
;;;;;
;;;;;
;;;;;
;;;;;
;;;;;
;;;;;
;;;;;
;;;;;
;;;;;
;;;;;
;;;;;
;;;;;
;;;;;
;;;;;
;;;;;
;;;;;
;;;;;
;;;;;
;;;;;
;;;;;
;;;;;
;;;;;
;;;;;
;;;;;
;;;;;
;;;;;
;;;;;
;;;;;
;;;;;
;;;;;
;;;;;
;;;;;
;;;;;
;;;;;
;;;;;
;;;;;
;;;;;
;;;;;
;;;;;
;;;;;
;;;;;
;;;;;
;;;;;
;;;;;
;;;;;
;;;;;
;;;;;
;;;;;
;;;;;
;;;;;
;;;;;
;;;;;
;;;;;
;;;;;
;;;;;
;;;;;
;;;;;
;;;;;
;;;;;
;;;;;
;;;;;
;;;;;
;;;;;
;;;;;
;;;;;
;;;;;
;;;;;
;;;;;
;;;;;
;;;;;
;;;;;
;;;;;
;;;;;
;;;;;
;;;;;
;;;;;
;;;;;
;;;;;
;;;;;
;;;;;
;;;;;
;;;;;
;;;;;
;;;;;
;;;;;
;;;;;
;;;;;
;;;;;
;;;;;
;;;;;
;;;;;
;;;;;
;;;;;
;;;;;
;;;;;
;;;;;
;;;;;
;;;;;
;;;;;
;;;;;
;;;;;
;;;;;
;;;;;
;;;;;
;;;;;
;;;;;
;;;;;
;;;;;
;;;;;
;;;;;
;;;;;
;;;;;
;;;;;
;;;;;
;;;;;
;;;;;
;;;;;
;;;;;
;;;;;
;;;;;
;;;;;
;;;;;
;;;;;
;;;;;
;;;;;
;;;;;
;;;;;
;;;;;
;;;;;
;;;;;
;;;;;
;;;;;
;;;;;
;;;;;
;;;;;
;;;;;
;;;;;
;;;;;
;;;;;
;;;;;
;;;;;
;;;;;
;;;;;
;;;;;
;;;;;
;;;;;
;;;;;
;;;;;
;;;;;
;;;;;
;;;;;
;;;;;
;;;;;
;;;;;
;;;;;
;;;;;
;;;;;
;;;;;
;;;;;
;;;;;
;;;;;
;;;;;
;;;;;
;;;;;
;;;;;
;;;;;
;;;;;
;;;;;
;;;;;
;;;;;
;;;;;
;;;;;
;;;;;
;;;;;
;;;;;
;;;;;
;;;;;
;;;;;
;;;;;
;;;;;
;;;;;
;;;;;
;;;;;
;;;;;
;;;;;
;;;;;
;;;;;
;;;;;
;;;;;
;;;;;
;;;;;
;;;;;
;;;;;
;;;;;
;;;;;
;;;;;
;;;;;
;;;;;
;;;;;
;;;;;
;;;;;
;;;;;
;;;;;
;;;;;
;;;;;
;;;;;
;;;;;
;;;;;
;;;;;
;;;;;
;;;;;
;;;;;
;;;;;
;;;;;
;;;;;
;;;;;
;;;;;
;;;;;
;;;;;
;;;;;
;;;;;
;;;;;
;;;;;
;;;;;
;;;;;
;;;;;
;;;;;
;;;;;
;;;;;
;;;;;
;;;;;
;;;;;
;;;;;
;;;;;
;;;;;
;;;;;
;;;;;
;;;;;
;;;;;
;;;;;
;;;;;
;;;;;
;;;;;
;;;;;
;;;;;
;;;;;
;;;;;
;;;;;
;;;;;
;;;;;
;;;;;
;;;;;
;;;;;
;;;;;
;;;;;
;;;;;
;;;;;
;;;;;
;;;;;
;;;;;
;;;;;
;;;;;
;;;;;
;;;;;
;;;;;
;;;;;
;;;;;
;;;;;
;;;;;
;;;;;
;;;;;
;;;;;
;;;;;
;;;;;
;;;;;
;;;;;
;;;;;
;;;;;
;;;;;
;;;;;
;;;;;
;;;;;
;;;;;
;;;;;
;;;;;
;;;;;
;;;;;
;;;;;
;;;;;
;;;;;
;;;;;
;;;;;
;;;;;
;;;;;
;;;;;
;;;;;
;;;;;
;;;;;
;;;;;
;;;;;
;;;;;
;;;;;
;;;;;
;;;;;
;;;;;
;;;;;
;;;;;
;;;;;
;;;;;
;;;;;
;;;;;
;;;;;
;;;;;
;;;;;
;;;;;
;;;;;
;;;;;
;;;;;
;;;;;
;;;;;
;;;;;
;;;;;
;;;;;
;;;;;
;;;;;
;;;;;
;;;;;
;;;;;
;;;;;
;;;;;
;;;;;
;;;;;
;;;;;
;;;;;
;;;;;
;;;;;
;;;;;
;;;;;
;;;;;
;;;;;
;;;;;
;;;;;
;;;;;
;;;;;
;;;;;
;;;;;
;;;;;
;;;;;
;;;;;
;;;;;
;;;;;
;;;;;
;;;;;
;;;;;
;;;;;
;;;;;
;;;;;
;;;;;
;;;;;
;;;;;
;;;;;
;;;;;
;;;;;
;;;;;
;;;;;
;;;;;
;;;;;
;;;;;
;;;;;
;;;;;
;;;;;
;;;;;
;;;;;
;;;;;
;;;;;
;;;;;
;;;;;
;;;;;
;;;;;
;;;;;
;;;;;
;;;;;
;;;;;
;;;;;
;;;;;
;;;;;
;;;;;
;;;;;
;;;;;
;;;;;
;;;;;
;;;;;
;;;;;
;;;;;
;;;;;
;;;;;
;;;;;
;;;;;
;;;;;
;;;;;
;;;;;
;;;;;
;;;;;
;;;;;
;;;;;
;;;;;
;;;;;
;;;;;
;;;;;
;;;;;
;;;;;
;;;;;
;;;;;
;;;;;
;;;;;
;;;;;
;;;;;
;;;;;
;;;;;
;;;;;
;;;;;
;;;;;
;;;;;
;;;;;
;;;;;
;;;;;
;;;;;
;;;;;
;;;;;
;;;;;
;;;;;
;;;;;
;;;;;
;;;;;
;;;;;
;;;;;
;;;;;
;;;;;
;;;;;
;;;;;
;;;;;
;;;;;
;;;;;
;;;;;
;;;;;
;;;;;
;;;;;
;;;;;
;;;;;
;;;;;
;;;;;
;;;;;
;;;;;
;;;;;
;;;;;
;;;;;
;;;;;
;;;;;
;;;;;
;;;;;
;;;;;
;;;;;
;;;;;
;;;;;
;;;;;
;;;;;
;;;;;
;;;;;
;;;;;
;;;;;
;;;;;
;;;;;
;;;;;
;;;;;
;;;;;
;;;;;
;;;;;
;;;;;
;;;;;
;;;;;
;;;;;
;;;;;
;;;;;
;;;;;
;;;;;
;;;;;
;;;;;
;;;;;
;;;;;
;;;;;
;;;;;
;;;;;
;;;;;
;;;;;
;;;;;
;;;;;
;;;;;
;;;;;
;;;;;
;;;;;
;;;;;
;;;;;
;;;;;
;;;;;
;;;;;
;;;;;
;;;;;
;;;;;
;;;;;
;;;;;
;;;;;
;;;;;
;;;;;
;;;;;
;;;;;
;;;;;
;;;;;
;;;;;
;;;;;
;;;;;
;;;;;
;;;;;
;;;;;
;;;;;
;;;;;
;;;;;
;;;;;
;;;;;
;;;;;
;;;;;
;;;;;
;;;;;
;;;;;
;;;;;
;;;;;
;;;;;
;;;;;
;;;;;
;;;;;
;;;;;
;;;;;
;;;;;
;;;;;
;;;;;
;;;;;
;;;;;
;;;;;
;;;;;
;;;;;
;;;;;
;;;;;
;;;;;
;;;;;
;;;;;
;;;;;
;;;;;
;;;;;
;;;;;
;;;;;
;;;;;
;;;;;
;;;;;
;;;;;
;;;;;
;;;;;
;;;;;
;;;;;
;;;;;
;;;;;
;;;;;
;;;;;
;;;;;
;;;;;
;;;;;
;;;;;
;;;;;
;;;;;
;;;;;
;;;;;
;;;;;
;;;;;
;;;;;
;;;;;
;;;;;
;;;;;
;;;;;
;;;;;
;;;;;
;;;;;
;;;;;
;;;;;
;;;;;
;;;;;
;;;;;
;;;;;
;;;;;
;;;;;
;;;;;
;;;;;
;;;;;
;;;;;
;;;;;
;;;;;
;;;;;
;;;;;
;;;;;
;;;;;
;;;;;
;;;;;
;;;;;
;;;;;
;;;;;
;;;;;
;;;;;
;;;;;
;;;;;
;;;;;
;;;;;
;;;;;
;;;;;
;;;;;
;;;;;
;;;;;
;;;;;
;;;;;
;;;;;
;;;;;
;;;;;
;;;;;
;;;;;
;;;;;
;;;;;
;;;;;
;;;;;
;;;;;
;;;;;
;;;;;
;;;;;
;;;;;
;;;;;
;;;;;
;;;;;
;;;;;
;;;;;
;;;;;
;;;;;
;;;;;
;;;;;
;;;;;
;;;;;
;;;;;
;;;;;
;;;;;
;;;;;
;;;;;
;;;;;
;;;;;
;;;;;
;;;;;
;;;;;
;;;;;
;;;;;
;;;;;
;;;;;
;;;;;
;;;;;
;;;;;
;;;;;
;;;;;
;;;;;
;;;;;
;;;;;
;;;;;
;;;;;
;;;;;
;;;;;
;;;;;
;;;;;
;;;;;
;;;;;
;;;;;
;;;;;
;;;;;
;;;;;
;;;;;
;;;;;
;;;;;
;;;;;
;;;;;
;;;;;
;;;;;
;;;;;
;;;;;
;;;;;
;;;;;
;;;;;
;;;;;
;;;;;
;;;;;
;;;;;
;;;;;
;;;;;
;;;;;
;;;;;
;;;;;
;;;;;
;;;;;
;;;;;
;;;;;
;;;;;
;;;;;
;;;;;
;;;;;
;;;;;
;;;;;
;;;;;
;;;;;
;;;;;
;;;;;
;;;;;
;;;;;
;;;;;
;;;;;
;;;;;
;;;;;
;;;;;
;;;;;
;;;;;
;;;;;
;;;;;
;;;;;
;;;;;
;;;;;
;;;;;
;;;;;
;;;;;
;;;;;
;;;;;
;;;;;
;;;;;
;;;;;
;;;;;
;;;;;
;;;;;
;;;;;
;;;;;
;;;;;
;;;;;
;;;;;
;;;;;
;;;;;
;;;;;
;;;;;
;;;;;
;;;;;
;;;;;
;;;;;
;;;;;
;;;;;
;;;;;
;;;;;
;;;;;
;;;;;
;;;;;
;;;;;
;;;;;
;;;;;
;;;;;
;;;;;
;;;;;
;;;;;
;;;;;
;;;;;
;;;;;
;;;;;
;;;;;
;;;;;
;;;;;
;;;;;
;;;;;
;;;;;
;;;;;
;;;;;
;;;;;
;;;;;
;;;;;
;;;;;
;;;;;
;;;;;
;;;;;
;;;;;
;;;;;
;;;;;
;;;;;
;;;;;
;;;;;
;;;;;
;;;;;
;;;;;
;;;;;
;;;;;
;;;;;
;;;;;
;;;;;
;;;;;
;;;;;
;;;;;
;;;;;
;;;;;
;;;;;
;;;;;
;;;;;
;;;;;
;;;;;
;;;;;
;;;;;
;;;;;
;;;;;
;;;;;
;;;;;
;;;;;
;;;;;
;;;;;
;;;;;
;;;;;
;;;;;
;;;;;
;;;;;
;;;;;
;;;;;
;;;;;
;;;;;
;;;;;
;;;;;
;;;;;
;;;;;
;;;;;
;;;;;
;;;;;
;;;;;
;;;;;
;;;;;
;;;;;
;;;;;
;;;;;
;;;;;
;;;;;
;;;;;
;;;;;
;;;;;
;;;;;
;;;;;
;;;;;
;;;;;
;;;;;
;;;;;
;;;;;
;;;;;
;;;;;
;;;;;
;;;;;
;;;;;
;;;;;
;;;;;
;;;;;
;;;;;
;;;;;
;;;;;
;;;;;
;;;;;
;;;;;
;;;;;
;;;;;
;;;;;
;;;;;
;;;;;
;;;;;
;;;;;
;;;;;
;;;;;
;;;;;
;;;;;
;;;;;
;;;;;
;;;;;
;;;;;
;;;;;
;;;;;
;;;;;
;;;;;
;;;;;
;;;;;
;;;;;
;;;;;
;;;;;
;;;;;
;;;;;
;;;;;
;;;;;
;;;;;
;;;;;
;;;;;
;;;;;
;;;;;
;;;;;
;;;;;
;;;;;
;;;;;
;;;;;
;;;;;
;;;;;
;;;;;
;;;;;
;;;;;
;;;;;
;;;;;
;;;;;
;;;;;
;;;;;
;;;;;
;;;;;
;;;;;
;;;;;
;;;;;
;;;;;
;;;;;
;;;;;
;;;;;
;;;;;
;;;;;
;;;;;
;;;;;
;;;;;
;;;;;
;;;;;
;;;;;
;;;;;
;;;;;
;;;;;
;;;;;
;;;;;
;;;;;
;;;;;
;;;;;
;;;;;
;;;;;
;;;;;
;;;;;
;;;;;
;;;;;
;;;;;
;;;;;
;;;;;
;;;;;
;;;;;
;;;;;
;;;;;
;;;;;
;;;;;
;;;;;
;;;;;
;;;;;
;;;;;
;;;;;
;;;;;
;;;;;
;;;;;
;;;;;
;;;;;
;;;;;
;;;;;
;;;;;
;;;;;
;;;;;
;;;;;
;;;;;
;;;;;
;;;;;
;;;;;
;;;;;
;;;;;
;;;;;
;;;;;
;;;;;
;;;;;
;;;;;
;;;;;
;;;;;
;;;;;
;;;;;
;;;;;
;;;;;
;;;;;
;;;;;
;;;;;
;;;;;
;;;;;
;;;;;
;;;;;
;;;;;
;;;;;
;;;;;
;;;;;
;;;;;
;;;;;
;;;;;
;;;;;
;;;;;
;;;;;
;;;;;
;;;;;
;;;;;
;;;;;
;;;;;
;;;;;
;;;;;
;;;;;
;;;;;
;;;;;
;;;;;
;;;;;
;;;;;
;;;;;
;;;;;
;;;;;
;;;;;
;;;;;
;;;;;
;;;;;
;;;;;
;;;;;
;;;;;
;;;;;
;;;;;
;;;;;
;;;;;
;;;;;
;;;;;
;;;;;
;;;;;
;;;;;
;;;;;
;;;;;
;;;;;
;;;;;
;;;;;
;;;;;
;;;;;
;;;;;
;;;;;
;;;;;
;;;;;
;;;;;
;;;;;
;;;;;
;;;;;
;;;;;
;;;;;
;;;;;
;;;;;
;;;;;
;;;;;
;;;;;
;;;;;
;;;;;
;;;;;
;;;;;
;;;;;
;;;;;
;;;;;
;;;;;
;;;;;
;;;;;
;;;;;
;;;;;
;;;;;
;;;;;
;;;;;
;;;;;
;;;;;
;;;;;
;;;;;
;;;;;
;;;;;
;;;;;
;;;;;
;;;;;
;;;;;
;;;;;
;;;;;
;;;;;
;;;;;
;;;;;
;;;;;
;;;;;
;;;;;
;;;;;
;;;;;
;;;;;
;;;;;
;;;;;
;;;;;
;;;;;
;;;;;
;;;;;
;;;;;
;;;;;
;;;;;
;;;;;
;;;;;
;;;;;
;;;;;
;;;;;
;;;;;
;;;;;
;;;;;
;;;;;
;;;;;
;;;;;
;;;;;
;;;;;
;;;;;
;;;;;
;;;;;
;;;;;
;;;;;
;;;;;
;;;;;
;;;;;
;;;;;
;;;;;
;;;;;
;;;;;
;;;;;
;;;;;
;;;;;
;;;;;
;;;;;
;;;;;
;;;;;
;;;;;
;;;;;
;;;;;
;;;;;
;;;;;
;;;;;
;;;;;
;;;;;
;;;;;
;;;;;
;;;;;
;;;;;
;;;;;
;;;;;
;;;;;
;;;;;
;;;;;
;;;;;
;;;;;
;;;;;
;;;;;
;;;;;
;;;;;
;;;;;
;;;;;
;;;;;
;;;;;
;;;;;
;;;;;
;;;;;
;;;;;
;;;;;
;;;;;
;;;;;
;;;;;
;;;;;
;;;;;
;;;;;
;;;;;
;;;;;
;;;;;
;;;;;
;;;;;
;;;;;
;;;;;
;;;;;
;;;;;
;;;;;
;;;;;
;;;;;
;;;;;
;;;;;
;;;;;
;;;;;
;;;;;
;;;;;
;;;;;
;;;;;
;;;;;
;;;;;
;;;;;
;;;;;
;;;;;
;;;;;
;;;;;
;;;;;
;;;;;
;;;;;
;;;;;
;;;;;
;;;;;
;;;;;
;;;;;
;;;;;
;;;;;
;;;;;
;;;;;
;;;;;
;;;;;
;;;;;
;;;;;
;;;;;
;;;;;
;;;;;
;;;;;
;;;;;
;;;;;
;;;;;
;;;;;
;;;;;
;;;;;
;;;;;
;;;;;
;;;;;
;;;;;
;;;;;
;;;;;
;;;;;
;;;;;
;;;;;
;;;;;
;;;;;
;;;;;
;;;;;
;;;;;
;;;;;
;;;;;
;;;;;
;;;;;
;;;;;
;;;;;
;;;;;
;;;;;
;;;;;
;;;;;
;;;;;
;;;;;
;;;;;
;;;;;
;;;;;
;;;;;
;;;;;
;;;;;
;;;;;
;;;;;
;;;;;
;;;;;
;;;;;
;;;;;
;;;;;
;;;;;
;;;;;
;;;;;
;;;;;
;;;;;
;;;;;
;;;;;
;;;;;
;;;;;
;;;;;
;;;;;
;;;;;
;;;;;
;;;;;
;;;;;
;;;;;
;;;;;
;;;;;
;;;;;
;;;;;
;;;;;
;;;;;
;;;;;
;;;;;
;;;;;
;;;;;
;;;;;
;;;;;
;;;;;
;;;;;
;;;;;
;;;;;
;;;;;
;;;;;
;;;;;
;;;;;
;;;;;
;;;;;
;;;;;
;;;;;
;;;;;
;;;;;
;;;;;
;;;;;
;;;;;
;;;;;
;;;;;
;;;;;
;;;;;
;;;;;
;;;;;
;;;;;
;;;;;
;;;;;
;;;;;
;;;;;
;;;;;
;;;;;
;;;;;
;;;;;
;;;;;
;;;;;
;;;;;
;;;;;
;;;;;
;;;;;
;;;;;
;;;;;
;;;;;
;;;;;
;;;;;
;;;;;
;;;;;
;;;;;
;;;;;
;;;;;
;;;;;
;;;;;
;;;;;
;;;;;
;;;;;
;;;;;
;;;;;
;;;;;
;;;;;
;;;;;
;;;;;
;;;;;
;;;;;
;;;;;
;;;;;
;;;;;
;;;;;
;;;;;
;;;;;
;;;;;
;;;;;
;;;;;
;;;;;
;;;;;
;;;;;
;;;;;
;;;;;
;;;;;
;;;;;
;;;;;
;;;;;
;;;;;
;;;;;
;;;;;
;;;;;
;;;;;
;;;;;
;;;;;
;;;;;
;;;;;
;;;;;
;;;;;
;;;;;
;;;;;
;;;;;
;;;;;
;;;;;
;;;;;
;;;;;
;;;;;
;;;;;
;;;;;
;;;;;
;;;;;
;;;;;
;;;;;
;;;;;
;;;;;
;;;;;
;;;;;
;;;;;
;;;;;
;;;;;
;;;;;
;;;;;
;;;;;
;;;;;
;;;;;
;;;;;
;;;;;
;;;;;
;;;;;
;;;;;
;;;;;
;;;;;
;;;;;
;;;;;
;;;;;
;;;;;
;;;;;
;;;;;
;;;;;
;;;;;
;;;;;
;;;;;
;;;;;
;;;;;
;;;;;
;;;;;
;;;;;
;;;;;
;;;;;
;;;;;
;;;;;
;;;;;
;;;;;
;;;;;
;;;;;
;;;;;
;;;;;
;;;;;
;;;;;
;;;;;
;;;;;
;;;;;
;;;;;
;;;;;
;;;;;
;;;;;
;;;;;
;;;;;
;;;;;
;;;;;
;;;;;
;;;;;
;;;;;
;;;;;
;;;;;
;;;;;
;;;;;
;;;;;
;;;;;
;;;;;
;;;;;
;;;;;
;;;;;
;;;;;
;;;;;
;;;;;
;;;;;
;;;;;
;;;;;
;;;;;
;;;;;
;;;;;
;;;;;
;;;;;
;;;;;
;;;;;
;;;;;
;;;;;
;;;;;
;;;;;
;;;;;
;;;;;
;;;;;
;;;;;
;;;;;
;;;;;
;;;;;
;;;;;
;;;;;
;;;;;
;;;;;
;;;;;
;;;;;
;;;;;
;;;;;
;;;;;
;;;;;
;;;;;
;;;;;
;;;;;
;;;;;
;;;;;
;;;;;
;;;;;
;;;;;
;;;;;
;;;;;
;;;;;
;;;;;
;;;;;
;;;;;
;;;;;
;;;;;
;;;;;
;;;;;
;;;;;
;;;;;
;;;;;
;;;;;
;;;;;
;;;;;
;;;;;
;;;;;
;;;;;
;;;;;
;;;;;
;;;;;
;;;;;
;;;;;
;;;;;
;;;;;
;;;;;
;;;;;
;;;;;
;;;;;
;;;;;
;;;;;
;;;;;
;;;;;
;;;;;
;;;;;
;;;;;
;;;;;
;;;;;
;;;;;
;;;;;
;;;;;
;;;;;
;;;;;
;;;;;
;;;;;
;;;;;
;;;;;
;;;;;
;;;;;
;;;;;
;;;;;
;;;;;
;;;;;
;;;;;
;;;;;
;;;;;
;;;;;
;;;;;
;;;;;
;;;;;
;;;;;
;;;;;
;;;;;
;;;;;
;;;;;
;;;;;
;;;;;
;;;;;
;;;;;
;;;;;
;;;;;
;;;;;
;;;;;
;;;;;
;;;;;
;;;;;
;;;;;
;;;;;
;;;;;
;;;;;
;;;;;
;;;;;
;;;;;
;;;;;
;;;;;
;;;;;
;;;;;
;;;;;
;;;;;
;;;;;
;;;;;
;;;;;
;;;;;
;;;;;
;;;;;
;;;;;
;;;;;
;;;;;
;;;;;
;;;;;
;;;;;
;;;;;
;;;;;
;;;;;
;;;;;
;;;;;
;;;;;
;;;;;
;;;;;
;;;;;
;;;;;
;;;;;
;;;;;
;;;;;
;;;;;
;;;;;
;;;;;
;;;;;
;;;;;
;;;;;
;;;;;
;;;;;
;;;;;
;;;;;
;;;;;
;;;;;
;;;;;
;;;;;
;;;;;
;;;;;
;;;;;
;;;;;
;;;;;
;;;;;
;;;;;
;;;;;
;;;;;
;;;;;
;;;;;
;;;;;
;;;;;
;;;;;
;;;;;
;;;;;
;;;;;
;;;;;
;;;;;
;;;;;
;;;;;
;;;;;
;;;;;
;;;;;
;;;;;
;;;;;
;;;;;
;;;;;
;;;;;
;;;;;
;;;;;
;;;;;
;;;;;
;;;;;
;;;;;
;;;;;
;;;;;
;;;;;
;;;;;
;;;;;
;;;;;
;;;;;
;;;;;
;;;;;
;;;;;
;;;;;
;;;;;
;;;;;
;;;;;
;;;;;
;;;;;
;;;;;
;;;;;
;;;;;
;;;;;
;;;;;
;;;;;
;;;;;
;;;;;
;;;;;
;;;;;
;;;;;
;;;;;
;;;;;
;;;;;
;;;;;
;;;;;
;;;;;
;;;;;
;;;;;
;;;;;
;;;;;
;;;;;
;;;;;
;;;;;
;;;;;
;;;;;
;;;;;
;;;;;
;;;;;
;;;;;
;;;;;
;;;;;
;;;;;
;;;;;
;;;;;
;;;;;
;;;;;
;;;;;
;;;;;
;;;;;
;;;;;
;;;;;
;;;;;
;;;;;
;;;;;
;;;;;
;;;;;
;;;;;
;;;;;
;;;;;
;;;;;
;;;;;
;;;;;
;;;;;
;;;;;
;;;;;
;;;;;
;;;;;
;;;;;
;;;;;
;;;;;
;;;;;
;;;;;
;;;;;
;;;;;
;;;;;
;;;;;
;;;;;
;;;;;
;;;;;
;;;;;
;;;;;
;;;;;
;;;;;
;;;;;
;;;;;
;;;;;
;;;;;
;;;;;
;;;;;
;;;;;
;;;;;
;;;;;
;;;;;
;;;;;
;;;;;
;;;;;
;;;;;
;;;;;
;;;;;
;;;;;
;;;;;
;;;;;
;;;;;
;;;;;
;;;;;
;;;;;
;;;;;
;;;;;
;;;;;
;;;;;
;;;;;
;;;;;
;;;;;
;;;;;
;;;;;
;;;;;
;;;;;
;;;;;
;;;;;
;;;;;
;;;;;
;;;;;
;;;;;
;;;;;
;;;;;
;;;;;
;;;;;
;;;;;
;;;;;
;;;;;
;;;;;
;;;;;
;;;;;
;;;;;
;;;;;
;;;;;
;;;;;
;;;;;
;;;;;
;;;;;
;;;;;
;;;;;
;;;;;
;;;;;
;;;;;
;;;;;
;;;;;
;;;;;
;;;;;
;;;;;
;;;;;
;;;;;
;;;;;
;;;;;
;;;;;
;;;;;
;;;;;
;;;;;
;;;;;
;;;;;
;;;;;
;;;;;
;;;;;
;;;;;
;;;;;
;;;;;
;;;;;
;;;;;
;;;;;
;;;;;
;;;;;
;;;;;
;;;;;
;;;;;
;;;;;
;;;;;
;;;;;
;;;;;
;;;;;
;;;;;
;;;;;
;;;;;
;;;;;
;;;;;
;;;;;
;;;;;
;;;;;
;;;;;
;;;;;
;;;;;
;;;;;
;;;;;
;;;;;
;;;;;
;;;;;
;;;;;
;;;;;
;;;;;
;;;;;
;;;;;
;;;;;
;;;;;
;;;;;
;;;;;
;;;;;
;;;;;
;;;;;
;;;;;
;;;;;
;;;;;
;;;;;
;;;;;
;;;;;
;;;;;
;;;;;
;;;;;
;;;;;
;;;;;
;;;;;
;;;;;
;;;;;
;;;;;
;;;;;
;;;;;
;;;;;
;;;;;
;;;;;
;;;;;
;;;;;
;;;;;
;;;;;
;;;;;
;;;;;
;;;;;
;;;;;
;;;;;
;;;;;
;;;;;
;;;;;
;;;;;
;;;;;
;;;;;
;;;;;
;;;;;
;;;;;
;;;;;
;;;;;
;;;;;
;;;;;
;;;;;
;;;;;
;;;;;
;;;;;
;;;;;
;;;;;
;;;;;
;;;;;
;;;;;
;;;;;
;;;;;
;;;;;
;;;;;
;;;;;
;;;;;
;;;;;
;;;;;
;;;;;
;;;;;
;;;;;
;;;;;
;;;;;
;;;;;
;;;;;
;;;;;
;;;;;
;;;;;
;;;;;
;;;;;
;;;;;
;;;;;
;;;;;
;;;;;
;;;;;
;;;;;
;;;;;
;;;;;
;;;;;
;;;;;
;;;;;
;;;;;
;;;;;
;;;;;
;;;;;
;;;;;
;;;;;
;;;;;
;;;;;
;;;;;
;;;;;
;;;;;
;;;;;
;;;;;
;;;;;
;;;;;
;;;;;
;;;;;
;;;;;
;;;;;
;;;;;
;;;;;
;;;;;
;;;;;
;;;;;
;;;;;
;;;;;
;;;;;
;;;;;
;;;;;
;;;;;
;;;;;
;;;;;
;;;;;
;;;;;
;;;;;
;;;;;
;;;;;
;;;;;
;;;;;
;;;;;
;;;;;
;;;;;
;;;;;
;;;;;
;;;;;
;;;;;
;;;;;
;;;;;
;;;;;
;;;;;
;;;;;
;;;;;
;;;;;
;;;;;
;;;;;
;;;;;
;;;;;
;;;;;
;;;;;
;;;;;
;;;;;
;;;;;
;;;;;
;;;;;
;;;;;
;;;;;
;;;;;
;;;;;
;;;;;
;;;;;
;;;;;
;;;;;
;;;;;
;;;;;
;;;;;
;;;;;
;;;;;
;;;;;
;;;;;
;;;;;
;;;;;
;;;;;
;;;;;
;;;;;
;;;;;
;;;;;
;;;;;
;;;;;
;;;;;
;;;;;
;;;;;
;;;;;
;;;;;
;;;;;
;;;;;
;;;;;
;;;;;
;;;;;
;;;;;
;;;;;
;;;;;
;;;;;
;;;;;
;;;;;
;;;;;
;;;;;
;;;;;
;;;;;
;;;;;
;;;;;
;;;;;
;;;;;
;;;;;
;;;;;
;;;;;
;;;;;
;;;;;
;;;;;
;;;;;
;;;;;
;;;;;
;;;;;
;;;;;
;;;;;
;;;;;
;;;;;
;;;;;
;;;;;
;;;;;
;;;;;
;;;;;
;;;;;
;;;;;
;;;;;
;;;;;
;;;;;
;;;;;
;;;;;
;;;;;
;;;;;
;;;;;
;;;;;
;;;;;
;;;;;
;;;;;
;;;;;
;;;;;
;;;;;
;;;;;
;;;;;
;;;;;
;;;;;
;;;;;
;;;;;
;;;;;
;;;;;
;;;;;
;;;;;
;;;;;
;;;;;
;;;;;
;;;;;
;;;;;
;;;;;
;;;;;
;;;;;
;;;;;
;;;;;
;;;;;
;;;;;
;;;;;
;;;;;
;;;;;
;;;;;
;;;;;
;;;;;
;;;;;
;;;;;
;;;;;
;;;;;
;;;;;
;;;;;
;;;;;
;;;;;
;;;;;
;;;;;
;;;;;
;;;;;
;;;;;
;;;;;
;;;;;
;;;;;
;;;;;
;;;;;
;;;;;
;;;;;
;;;;;
;;;;;
;;;;;
;;;;;
;;;;;
;;;;;
;;;;;
;;;;;
;;;;;
;;;;;
;;;;;
;;;;;
;;;;;
;;;;;
;;;;;
;;;;;
;;;;;
;;;;;
;;;;;
;;;;;
;;;;;
;;;;;
;;;;;
;;;;;
;;;;;
;;;;;
;;;;;
;;;;;
;;;;;
;;;;;
;;;;;
;;;;;
;;;;;
;;;;;
;;;;;
;;;;;
;;;;;
;;;;;
;;;;;
;;;;;
;;;;;
;;;;;
;;;;;
;;;;;
;;;;;
;;;;;
;;;;;
;;;;;
;;;;;
;;;;;
;;;;;
;;;;;
;;;;;
;;;;;
;;;;;
;;;;;
;;;;;
;;;;;
;;;;;
;;;;;
;;;;;
;;;;;
;;;;;
;;;;;
;;;;;
;;;;;
;;;;;
;;;;;
;;;;;
;;;;;
;;;;;
;;;;;
;;;;;
;;;;;
;;;;;
;;;;;
;;;;;
;;;;;
;;;;;
;;;;;
;;;;;
;;;;;
;;;;;
;;;;;
;;;;;
;;;;;
;;;;;
;;;;;
;;;;;
;;;;;
;;;;;
;;;;;
;;;;;
;;;;;
;;;;;
;;;;;
;;;;;
;;;;;
;;;;;
;;;;;
;;;;;
;;;;;
;;;;;
;;;;;
;;;;;
;;;;;
;;;;;
;;;;;
;;;;;
;;;;;
;;;;;
;;;;;
;;;;;
;;;;;
;;;;;
;;;;;
;;;;;
;;;;;
;;;;;
;;;;;
;;;;;
;;;;;
;;;;;
;;;;;
;;;;;
;;;;;
;;;;;
;;;;;
;;;;;
;;;;;
;;;;;
;;;;;
;;;;;
;;;;;
;;;;;
;;;;;
;;;;;
;;;;;
;;;;;
;;;;;
;;;;;
;;;;;
;;;;;
;;;;;
;;;;;
;;;;;
;;;;;
;;;;;
;;;;;
;;;;;
;;;;;
;;;;;
;;;;;
;;;;;
;;;;;
;;;;;
;;;;;
;;;;;
;;;;;
;;;;;
;;;;;
;;;;;
;;;;;
;;;;;
;;;;;
;;;;;
;;;;;
;;;;;
;;;;;
;;;;;
;;;;;
;;;;;
;;;;;
;;;;;
;;;;;
;;;;;
;;;;;
;;;;;
;;;;;
;;;;;
;;;;;
;;;;;
;;;;;
;;;;;
;;;;;
;;;;;
;;;;;
;;;;;
;;;;;
;;;;;
;;;;;
;;;;;
;;;;;
;;;;;
;;;;;
;;;;;
;;;;;
;;;;;
;;;;;
;;;;;
;;;;;
;;;;;
;;;;;
;;;;;
;;;;;
;;;;;
;;;;;
;;;;;
;;;;;
;;;;;
;;;;;
;;;;;
;;;;;
;;;;;
;;;;;
;;;;;
;;;;;
;;;;;
;;;;;
;;;;;
;;;;;
;;;;;
;;;;;
;;;;;
;;;;;
;;;;;
;;;;;
;;;;;
;;;;;
;;;;;
;;;;;
;;;;;
;;;;;
;;;;;
;;;;;
;;;;;
;;;;;
;;;;;
;;;;;
;;;;;
;;;;;
;;;;;
;;;;;
;;;;;
;;;;;
;;;;;
;;;;;
;;;;;
;;;;;
;;;;;
;;;;;
;;;;;
;;;;;
;;;;;
;;;;;
;;;;;
;;;;;
;;;;;
;;;;;
;;;;;
;;;;;
;;;;;
;;;;;
;;;;;
;;;;;
;;;;;
;;;;;
;;;;;
;;;;;
;;;;;
;;;;;
;;;;;
;;;;;
;;;;;
;;;;;
;;;;;
;;;;;
;;;;;
;;;;;
;;;;;
;;;;;
;;;;;
;;;;;
;;;;;
;;;;;
;;;;;
;;;;;
;;;;;
;;;;;
;;;;;
;;;;;
;;;;;
;;;;;
;;;;;
;;;;;
;;;;;
;;;;;
;;;;;
;;;;;
;;;;;
;;;;;
;;;;;
;;;;;
;;;;;
;;;;;
;;;;;
;;;;;
;;;;;
;;;;;
;;;;;
;;;;;
;;;;;
;;;;;
;;;;;
;;;;;
;;;;;
;;;;;
;;;;;
;;;;;
;;;;;
;;;;;
;;;;;
;;;;;
;;;;;
;;;;;
;;;;;
;;;;;
;;;;;
;;;;;
;;;;;
;;;;;
;;;;;
;;;;;
;;;;;
;;;;;
;;;;;
;;;;;
;;;;;
;;;;;
;;;;;
;;;;;
;;;;;
;;;;;
;;;;;
;;;;;
;;;;;
;;;;;
;;;;;
;;;;;
;;;;;
;;;;;
;;;;;
;;;;;
;;;;;
;;;;;
;;;;;
;;;;;
;;;;;
;;;;;
;;;;;
;;;;;
;;;;;
;;;;;
;;;;;
;;;;;
;;;;;
;;;;;
;;;;;
;;;;;
;;;;;
;;;;;
;;;;;
;;;;;
;;;;;
;;;;;
;;;;;
;;;;;
;;;;;
;;;;;
;;;;;
;;;;;
;;;;;
;;;;;
;;;;;
;;;;;
;;;;;
;;;;;
;;;;;
;;;;;
;;;;;
;;;;;
;;;;;
;;;;;
;;;;;
;;;;;
;;;;;
;;;;;
;;;;;
;;;;;
;;;;;
;;;;;
;;;;;
;;;;;
;;;;;
;;;;;
;;;;;
;;;;;
;;;;;
;;;;;
;;;;;
;;;;;
;;;;;
;;;;;
;;;;;
;;;;;
;;;;;
;;;;;
;;;;;
;;;;;
;;;;;
;;;;;
;;;;;
;;;;;
;;;;;
;;;;;
;;;;;
;;;;;
;;;;;
;;;;;
;;;;;
;;;;;
;;;;;
;;;;;
;;;;;
;;;;;
;;;;;
;;;;;
;;;;;
;;;;;
;;;;;
;;;;;
;;;;;
;;;;;
;;;;;
;;;;;
;;;;;
;;;;;
;;;;;
;;;;;
;;;;;
;;;;;
;;;;;
;;;;;
;;;;;
;;;;;
;;;;;
;;;;;
;;;;;
;;;;;
;;;;;
;;;;;
;;;;;
;;;;;
;;;;;
;;;;;
;;;;;
;;;;;
;;;;;
;;;;;
;;;;;
;;;;;
;;;;;
;;;;;
;;;;;
;;;;;
;;;;;
;;;;;
;;;;;
;;;;;
;;;;;
;;;;;
;;;;;
;;;;;
;;;;;
;;;;;
;;;;;
;;;;;
;;;;;
;;;;;
;;;;;
;;;;;
;;;;;
;;;;;
;;;;;
;;;;;
;;;;;
;;;;;
;;;;;
;;;;;
;;;;;
;;;;;
;;;;;
;;;;;
;;;;;
;;;;;
;;;;;
;;;;;
;;;;;
;;;;;
;;;;;
;;;;;
;;;;;
;;;;;
;;;;;
;;;;;
;;;;;
;;;;;
;;;;;
;;;;;
;;;;;
;;;;;
;;;;;
;;;;;
;;;;;
;;;;;
;;;;;
;;;;;
;;;;;
;;;;;
;;;;;
;;;;;
;;;;;
;;;;;
;;;;;
;;;;;
;;;;;
;;;;;
;;;;;
;;;;;
;;;;;
;;;;;
;;;;;
;;;;;
;;;;;
;;;;;
;;;;;
;;;;;
;;;;;
;;;;;
;;;;;
;;;;;
;;;;;
;;;;;
;;;;;
;;;;;
;;;;;
;;;;;
;;;;;
;;;;;
;;;;;
;;;;;
;;;;;
;;;;;
;;;;;
;;;;;
;;;;;
;;;;;
;;;;;
;;;;;
;;;;;
;;;;;
;;;;;
;;;;;
;;;;;
;;;;;
;;;;;
;;;;;
;;;;;
;;;;;
;;;;;
;;;;;
;;;;;
;;;;;
;;;;;
;;;;;
;;;;;
;;;;;
;;;;;
;;;;;
;;;;;
;;;;;
;;;;;
;;;;;
;;;;;
;;;;;
;;;;;
;;;;;
;;;;;
;;;;;
;;;;;
;;;;;
;;;;;
;;;;;
;;;;;
;;;;;
;;;;;
;;;;;
;;;;;
;;;;;
;;;;;
;;;;;
;;;;;
;;;;;
;;;;;
;;;;;
;;;;;
;;;;;
;;;;;
;;;;;
;;;;;
;;;;;
;;;;;
;;;;;
;;;;;
;;;;;
;;;;;
;;;;;
;;;;;
;;;;;
;;;;;
;;;;;
;;;;;
;;;;;
;;;;;
;;;;;
;;;;;
;;;;;
;;;;;
;;;;;
;;;;;
;;;;;
;;;;;
;;;;;
;;;;;
;;;;;
;;;;;
;;;;;
;;;;;
;;;;;
;;;;;
;;;;;
;;;;;
;;;;;
;;;;;
;;;;;
;;;;;
;;;;;
;;;;;
;;;;;
;;;;;
;;;;;
;;;;;
;;;;;
;;;;;
;;;;;
;;;;;
;;;;;
;;;;;
;;;;;
;;;;;
;;;;;
;;;;;
;;;;;
;;;;;
;;;;;
;;;;;
;;;;;
;;;;;
;;;;;
;;;;;
;;;;;
;;;;;
;;;;;
;;;;;
;;;;;
;;;;;
;;;;;
;;;;;
;;;;;
;;;;;
;;;;;
;;;;;
;;;;;
;;;;;
;;;;;
;;;;;
;;;;;
;;;;;
;;;;;
;;;;;
;;;;;
;;;;;
;;;;;
;;;;;
;;;;;
;;;;;
;;;;;
;;;;;
;;;;;
;;;;;
;;;;;
;;;;;
;;;;;
;;;;;
;;;;;
;;;;;
;;;;;
;;;;;
;;;;;
;;;;;
;;;;;
;;;;;
;;;;;
;;;;;
;;;;;
;;;;;
;;;;;
;;;;;
;;;;;
;;;;;
;;;;;
;;;;;
;;;;;
;;;;;
;;;;;
;;;;;
;;;;;
;;;;;
;;;;;
;;;;;
;;;;;
;;;;;
;;;;;
;;;;;
;;;;;
;;;;;
;;;;;
;;;;;
;;;;;
;;;;;
;;;;;
;;;;;
;;;;;
;;;;;
;;;;;
;;;;;
;;;;;
;;;;;
;;;;;
;;;;;
;;;;;
;;;;;
;;;;;
;;;;;
;;;;;
;;;;;
;;;;;
;;;;;
;;;;;
;;;;;
;;;;;
;;;;;
;;;;;
;;;;;
;;;;;
;;;;;
;;;;;
;;;;;
;;;;;
;;;;;
;;;;;
;;;;;
;;;;;
;;;;;
;;;;;
;;;;;
;;;;;
;;;;;
;;;;;
;;;;;
;;;;;
;;;;;
;;;;;
;;;;;
;;;;;
;;;;;
;;;;;
;;;;;
;;;;;
;;;;;
;;;;;
;;;;;
;;;;;
;;;;;
;;;;;
;;;;;
;;;;;
;;;;;
;;;;;
;;;;;
;;;;;
;;;;;
;;;;;
;;;;;
;;;;;
;;;;;
;;;;;
;;;;;
;;;;;
;;;;;
;;;;;
;;;;;
;;;;;
;;;;;
;;;;;
;;;;;
;;;;;
;;;;;
;;;;;
;;;;;
;;;;;
;;;;;
;;;;;
;;;;;
;;;;;
;;;;;
;;;;;
;;;;;
;;;;;
;;;;;
;;;;;
;;;;;
;;;;;
;;;;;
;;;;;
;;;;;
;;;;;
;;;;;
;;;;;
;;;;;
;;;;;
;;;;;
;;;;;
;;;;;
;;;;;
;;;;;
;;;;;
;;;;;
;;;;;
;;;;;
;;;;;
;;;;;
;;;;;
;;;;;
;;;;;
;;;;;
;;;;;
;;;;;
;;;;;
;;;;;
;;;;;
;;;;;
;;;;;
;;;;;
;;;;;
;;;;;
;;;;;
;;;;;
;;;;;
;;;;;
;;;;;
;;;;;
;;;;;
;;;;;
;;;;;
;;;;;
;;;;;
;;;;;
;;;;;
;;;;;
;;;;;
;;;;;
;;;;;
;;;;;
;;;;;
;;;;;
;;;;;
;;;;;
;;;;;
;;;;;
;;;;;
;;;;;
;;;;;
;;;;;
;;;;;
;;;;;
;;;;;
;;;;;
;;;;;
;;;;;
;;;;;
;;;;;
;;;;;
;;;;;
;;;;;
;;;;;
;;;;;
;;;;;
;;;;;
;;;;;
;;;;;
;;;;;
;;;;;
;;;;;
;;;;;
;;;;;
;;;;;
;;;;;
;;;;;
;;;;;
;;;;;
;;;;;
;;;;;
;;;;;
;;;;;
;;;;;
;;;;;
;;;;;
;;;;;
;;;;;
;;;;;
;;;;;
;;;;;
;;;;;
;;;;;
;;;;;
;;;;;
;;;;;
;;;;;
;;;;;
;;;;;
;;;;;
;;;;;
;;;;;
;;;;;
;;;;;
;;;;;
;;;;;
;;;;;
;;;;;
;;;;;
;;;;;
;;;;;
;;;;;
;;;;;
;;;;;
;;;;;
;;;;;
;;;;;
;;;;;
;;;;;
;;;;;
;;;;;
;;;;;
;;;;;
;;;;;
;;;;;
;;;;;
;;;;;
;;;;;
;;;;;
;;;;;
;;;;;
;;;;;
;;;;;
;;;;;
;;;;;
;;;;;
;;;;;
;;;;;
;;;;;
;;;;;
;;;;;
;;;;;
;;;;;
;;;;;
;;;;;
;;;;;
;;;;;
;;;;;
;;;;;
;;;;;
;;;;;
;;;;;
;;;;;
;;;;;
;;;;;
;;;;;
;;;;;
;;;;;
;;;;;
;;;;;
;;;;;
;;;;;
;;;;;
;;;;;
;;;;;
;;;;;
;;;;;
;;;;;
;;;;;
;;;;;
;;;;;
;;;;;
;;;;;
;;;;;
;;;;;
;;;;;
;;;;;
;;;;;
;;;;;
;;;;;
;;;;;
;;;;;
;;;;;
;;;;;
;;;;;
;;;;;
;;;;;
;;;;;
;;;;;
;;;;;
;;;;;
;;;;;
;;;;;
;;;;;
;;;;;
;;;;;
;;;;;
;;;;;
;;;;;
;;;;;
;;;;;
;;;;;
;;;;;
;;;;;
;;;;;
;;;;;
;;;;;
;;;;;
;;;;;
;;;;;
;;;;;
;;;;;
;;;;;
;;;;;
;;;;;
;;;;;
;;;;;
;;;;;
;;;;;
;;;;;
;;;;;
;;;;;
;;;;;
;;;;;
;;;;;
;;;;;
;;;;;
;;;;;
;;;;;
;;;;;
;;;;;
;;;;;
;;;;;
;;;;;
;;;;;
;;;;;
;;;;;
;;;;;
;;;;;
;;;;;
;;;;;
;;;;;
;;;;;
;;;;;
;;;;;
;;;;;
;;;;;
;;;;;
;;;;;
;;;;;
;;;;;
;;;;;
;;;;;
;;;;;
;;;;;
;;;;;
;;;;;
;;;;;
;;;;;
;;;;;
;;;;;
;;;;;
;;;;;
;;;;;
;;;;;
;;;;;
;;;;;
;;;;;
;;;;;
;;;;;
;;;;;
;;;;;
;;;;;
;;;;;
;;;;;
;;;;;
;;;;;
;;;;;
;;;;;
;;;;;
;;;;;
;;;;;
;;;;;
;;;;;
;;;;;
;;;;;
;;;;;
;;;;;
;;;;;
;;;;;
;;;;;
;;;;;
;;;;;
;;;;;
;;;;;
;;;;;
;;;;;
;;;;;
;;;;;
;;;;;
;;;;;
;;;;;
;;;;;
;;;;;
;;;;;
;;;;;
;;;;;
;;;;;
;;;;;
;;;;;
;;;;;
;;;;;
;;;;;
;;;;;
;;;;;
;;;;;
;;;;;
;;;;;
;;;;;
;;;;;
;;;;;
;;;;;
;;;;;
;;;;;
;;;;;
;;;;;
;;;;;
;;;;;
;;;;;
;;;;;
;;;;;
;;;;;
;;;;;
;;;;;
;;;;;
;;;;;
;;;;;
;;;;;
;;;;;
;;;;;
;;;;;
;;;;;
;;;;;
;;;;;
;;;;;
;;;;;
;;;;;
;;;;;
;;;;;
;;;;;
;;;;;
;;;;;
;;;;;
;;;;;
;;;;;
;;;;;
;;;;;
;;;;;
;;;;;
;;;;;
;;;;;
;;;;;
;;;;;
;;;;;
;;;;;
;;;;;
;;;;;
;;;;;
;;;;;
;;;;;
;;;;;
;;;;;
;;;;;
;;;;;
;;;;;
;;;;;
;;;;;
;;;;;
;;;;;
;;;;;
;;;;;
;;;;;
;;;;;
;;;;;
;;;;;
;;;;;
;;;;;
;;;;;
;;;;;
;;;;;
;;;;;
;;;;;
;;;;;
;;;;;
;;;;;
;;;;;
;;;;;
;;;;;
;;;;;
;;;;;
;;;;;
;;;;;
;;;;;
;;;;;
;;;;;
;;;;;
;;;;;
;;;;;
;;;;;
;;;;;
;;;;;
;;;;;
;;;;;
;;;;;
;;;;;
;;;;;
;;;;;
;;;;;
;;;;;
;;;;;
;;;;;
;;;;;
;;;;;
;;;;;
;;;;;
;;;;;
;;;;;
;;;;;
;;;;;
;;;;;
;;;;;
;;;;;
;;;;;
;;;;;
;;;;;
;;;;;
;;;;;
;;;;;
;;;;;
;;;;;
;;;;;
;;;;;
;;;;;
;;;;;
;;;;;
;;;;;
;;;;;
;;;;;
;;;;;
;;;;;
;;;;;
;;;;;
;;;;;
;;;;;
;;;;;
;;;;;
;;;;;
;;;;;
;;;;;
;;;;;
;;;;;
;;;;;
;;;;;
;;;;;
;;;;;
;;;;;
;;;;;
;;;;;
;;;;;
;;;;;
;;;;;
;;;;;
;;;;;
;;;;;
;;;;;
;;;;;
;;;;;
;;;;;
;;;;;
;;;;;
;;;;;
;;;;;
;;;;;
;;;;;
;;;;;
;;;;;
;;;;;
;;;;;
;;;;;
;;;;;
;;;;;
;;;;;
;;;;;
;;;;;
;;;;;
;;;;;
;;;;;
;;;;;
;;;;;
;;;;;
;;;;;
;;;;;
;;;;;
;;;;;
;;;;;
;;;;;
;;;;;
;;;;;
;;;;;
;;;;;
;;;;;
;;;;;
;;;;;
;;;;;
;;;;;
;;;;;
;;;;;
;;;;;
;;;;;
;;;;;
;;;;;
;;;;;
;;;;;
;;;;;
;;;;;
;;;;;
;;;;;
;;;;;
;;;;;
;;;;;
;;;;;
;;;;;
;;;;;
;;;;;
;;;;;
;;;;;
;;;;;
;;;;;
;;;;;
;;;;;
;;;;;
;;;;;
;;;;;
;;;;;
;;;;;
;;;;;
;;;;;
;;;;;
;;;;;
;;;;;
;;;;;
;;;;;
;;;;;
;;;;;
;;;;;
;;;;;
;;;;;
;;;;;
;;;;;
;;;;;
;;;;;
;;;;;
;;;;;
;;;;;
;;;;;
;;;;;
;;;;;
;;;;;
;;;;;
;;;;;
;;;;;
;;;;;
;;;;;
;;;;;
;;;;;
;;;;;
;;;;;
;;;;;
;;;;;
;;;;;
;;;;;
;;;;;
;;;;;
;;;;;
;;;;;
;;;;;
;;;;;
;;;;;
;;;;;
;;;;;
;;;;;
;;;;;
;;;;;
;;;;;
;;;;;
;;;;;
;;;;;
;;;;;
;;;;;
;;;;;
;;;;;
;;;;;
;;;;;
;;;;;
;;;;;
;;;;;
;;;;;
;;;;;
;;;;;
;;;;;
;;;;;
;;;;;
;;;;;
;;;;;
;;;;;
;;;;;
;;;;;
;;;;;
;;;;;
;;;;;
;;;;;
;;;;;
;;;;;
;;;;;
;;;;;
;;;;;
;;;;;
;;;;;
;;;;;
;;;;;
;;;;;
;;;;;
;;;;;
;;;;;
;;;;;
;;;;;
;;;;;
;;;;;
;;;;;
;;;;;
;;;;;
;;;;;
;;;;;
;;;;;
;;;;;
;;;;;
;;;;;
;;;;;
;;;;;
;;;;;
;;;;;
;;;;;
;;;;;
;;;;;
;;;;;
;;;;;
;;;;;
;;;;;
;;;;;
;;;;;
;;;;;
;;;;;
;;;;;
;;;;;
;;;;;
;;;;;
;;;;;
;;;;;
;;;;;
;;;;;
;;;;;
;;;;;
;;;;;
;;;;;
;;;;;
;;;;;
;;;;;
;;;;;
;;;;;
;;;;;
;;;;;
;;;;;
;;;;;
;;;;;
;;;;;
;;;;;
;;;;;
;;;;;
;;;;;
;;;;;
;;;;;
;;;;;
;;;;;
;;;;;
;;;;;
;;;;;
;;;;;
;;;;;
;;;;;
;;;;;
;;;;;
;;;;;
;;;;;
;;;;;
;;;;;
;;;;;
;;;;;
;;;;;
;;;;;
;;;;;
;;;;;
;;;;;
;;;;;
;;;;;
;;;;;
;;;;;
;;;;;
;;;;;
;;;;;
;;;;;
;;;;;
;;;;;
;;;;;
;;;;;
;;;;;
;;;;;
;;;;;
;;;;;
;;;;;
;;;;;
;;;;;
;;;;;
;;;;;
;;;;;
;;;;;
;;;;;
;;;;;
;;;;;
;;;;;
;;;;;
;;;;;
;;;;;
;;;;;
;;;;;
;;;;;
;;;;;
;;;;;
;;;;;
;;;;;
;;;;;
;;;;;
;;;;;
;;;;;
;;;;;
;;;;;
;;;;;
;;;;;
;;;;;
;;;;;
;;;;;
;;;;;
;;;;;
;;;;;
;;;;;
;;;;;
;;;;;
;;;;;
;;;;;
;;;;;
;;;;;
;;;;;
;;;;;
;;;;;
;;;;;
;;;;;
;;;;;
;;;;;
;;;;;
;;;;;
;;;;;
;;;;;
;;;;;
;;;;;
;;;;;
;;;;;
;;;;;
;;;;;
;;;;;
;;;;;
;;;;;
;;;;;
;;;;;
;;;;;
;;;;;
;;;;;
;;;;;
;;;;;
;;;;;
;;;;;
;;;;;
;;;;;
;;;;;
;;;;;
;;;;;
;;;;;
;;;;;
;;;;;
;;;;;
;;;;;
;;;;;
;;;;;
;;;;;
;;;;;
;;;;;
;;;;;
;;;;;
;;;;;
;;;;;
;;;;;
;;;;;
;;;;;
;;;;;
;;;;;
;;;;;
;;;;;
;;;;;
;;;;;
;;;;;
;;;;;
;;;;;
;;;;;
;;;;;
;;;;;
;;;;;
;;;;;
;;;;;
;;;;;
;;;;;
;;;;;
;;;;;
;;;;;
;;;;;
;;;;;
;;;;;
;;;;;
;;;;;
;;;;;
;;;;;
;;;;;
;;;;;
;;;;;
;;;;;
;;;;;
;;;;;
;;;;;
;;;;;
;;;;;
;;;;;
;;;;;
;;;;;
;;;;;
;;;;;
;;;;;
;;;;;
;;;;;
;;;;;
;;;;;
;;;;;
;;;;;
;;;;;
;;;;;
;;;;;
;;;;;
;;;;;
;;;;;
;;;;;
;;;;;
;;;;;
;;;;;
;;;;;
;;;;;
;;;;;
;;;;;
;;;;;
;;;;;
;;;;;
;;;;;
;;;;;
;;;;;
;;;;;
;;;;;
;;;;;
;;;;;
;;;;;
;;;;;
;;;;;
;;;;;
;;;;;
;;;;;
;;;;;
;;;;;
;;;;;
;;;;;
;;;;;
;;;;;
;;;;;
;;;;;
;;;;;
;;;;;
;;;;;
;;;;;
;;;;;
;;;;;
;;;;;
;;;;;
;;;;;
;;;;;
;;;;;
;;;;;
;;;;;
;;;;;
;;;;;
;;;;;
;;;;;
;;;;;
;;;;;
;;;;;
;;;;;
;;;;;
;;;;;
;;;;;
;;;;;
;;;;;
;;;;;
;;;;;
;;;;;
;;;;;
;;;;;
;;;;;
;;;;;
;;;;;
;;;;;
;;;;;
;;;;;
;;;;;
;;;;;
;;;;;
;;;;;
;;;;;
;;;;;
;;;;;
;;;;;
;;;;;
;;;;;
;;;;;
;;;;;
;;;;;
;;;;;
;;;;;
;;;;;
;;;;;
;;;;;
;;;;;
;;;;;
;;;;;
;;;;;
;;;;;
;;;;;
;;;;;
;;;;;
;;;;;
;;;;;
;;;;;
;;;;;
;;;;;
;;;;;
;;;;;
;;;;;
;;;;;
;;;;;
;;;;;
;;;;;
;;;;;
;;;;;
;;;;;
;;;;;
;;;;;
;;;;;
;;;;;
;;;;;
;;;;;
;;;;;
;;;;;
;;;;;
;;;;;
;;;;;
;;;;;
;;;;;
;;;;;
;;;;;
;;;;;
;;;;;
;;;;;
;;;;;
;;;;;
;;;;;
;;;;;
;;;;;
;;;;;
;;;;;
;;;;;
;;;;;
;;;;;
;;;;;
;;;;;
;;;;;
;;;;;
;;;;;
;;;;;
;;;;;
;;;;;
;;;;;
;;;;;
;;;;;
;;;;;
;;;;;
;;;;;
;;;;;
;;;;;
;;;;;
;;;;;
;;;;;
;;;;;
;;;;;
;;;;;
;;;;;
;;;;;
;;;;;
;;;;;
;;;;;
;;;;;
;;;;;
;;;;;
;;;;;
;;;;;
;;;;;
;;;;;
;;;;;
;;;;;
;;;;;
;;;;;
;;;;;
;;;;;
;;;;;
;;;;;
;;;;;
;;;;;
;;;;;
;;;;;
;;;;;
;;;;;
;;;;;
;;;;;
;;;;;
;;;;;
;;;;;
;;;;;
;;;;;
;;;;;
;;;;;
;;;;;
;;;;;
;;;;;
;;;;;
;;;;;
;;;;;
;;;;;
;;;;;
;;;;;
;;;;;
;;;;;
;;;;;
;;;;;
;;;;;
;;;;;
;;;;;
;;;;;
;;;;;
;;;;;
;;;;;
;;;;;
;;;;;
;;;;;
;;;;;
;;;;;
;;;;;
;;;;;
;;;;;
;;;;;
;;;;;
;;;;;
;;;;;
;;;;;
;;;;;
;;;;;
;;;;;
;;;;;
;;;;;
;;;;;
;;;;;
;;;;;
;;;;;
;;;;;
;;;;;
;;;;;
;;;;;
;;;;;
;;;;;
;;;;;
;;;;;
;;;;;
;;;;;
;;;;;
;;;;;
;;;;;
;;;;;
;;;;;
;;;;;
;;;;;
;;;;;
;;;;;
;;;;;
;;;;;
;;;;;
;;;;;
;;;;;
;;;;;
;;;;;
;;;;;
;;;;;
;;;;;
;;;;;
;;;;;
;;;;;
;;;;;
;;;;;
;;;;;
;;;;;
;;;;;
;;;;;
;;;;;
;;;;;
;;;;;
;;;;;
;;;;;
;;;;;
;;;;;
;;;;;
;;;;;
;;;;;
;;;;;
;;;;;
;;;;;
;;;;;
;;;;;
;;;;;
;;;;;
;;;;;
;;;;;
;;;;;
;;;;;
;;;;;
;;;;;
;;;;;
;;;;;
;;;;;
;;;;;
;;;;;
;;;;;
;;;;;
;;;;;
;;;;;
;;;;;
;;;;;
;;;;;
;;;;;
;;;;;
;;;;;
;;;;;
;;;;;
;;;;;
;;;;;
;;;;;
;;;;;
;;;;;
;;;;;
;;;;;
;;;;;
;;;;;
;;;;;
;;;;;
;;;;;
;;;;;
;;;;;
;;;;;
;;;;;
;;;;;
;;;;;
;;;;;
;;;;;
;;;;;
;;;;;
;;;;;
;;;;;
;;;;;
;;;;;
;;;;;
;;;;;
;;;;;
;;;;;
;;;;;
;;;;;
;;;;;
;;;;;
;;;;;
;;;;;
;;;;;
;;;;;
;;;;;
;;;;;
;;;;;
;;;;;
;;;;;
;;;;;
;;;;;
;;;;;
;;;;;
;;;;;
;;;;;
;;;;;
;;;;;
;;;;;
;;;;;
;;;;;
;;;;;
;;;;;
;;;;;
;;;;;
;;;;;
;;;;;
;;;;;
;;;;;
;;;;;
;;;;;
;;;;;
;;;;;
;;;;;
;;;;;
;;;;;
;;;;;
;;;;;
;;;;;
;;;;;
;;;;;
;;;;;
;;;;;
;;;;;
;;;;;
;;;;;
;;;;;
;;;;;
;;;;;
;;;;;
;;;;;
;;;;;
;;;;;
;;;;;
;;;;;
;;;;;
;;;;;
;;;;;
;;;;;
;;;;;
;;;;;
;;;;;
;;;;;
;;;;;
;;;;;
;;;;;
;;;;;
;;;;;
;;;;;
;;;;;
;;;;;
;;;;;
;;;;;
;;;;;
;;;;;
;;;;;
;;;;;
;;;;;
;;;;;
;;;;;
;;;;;
;;;;;
;;;;;
;;;;;
;;;;;
;;;;;
;;;;;
;;;;;
;;;;;
;;;;;
;;;;;
;;;;;
;;;;;
;;;;;
;;;;;
;;;;;
;;;;;
;;;;;
;;;;;
;;;;;
;;;;;
;;;;;
;;;;;
;;;;;
;;;;;
;;;;;
;;;;;
;;;;;
;;;;;
;;;;;
;;;;;
;;;;;
;;;;;
;;;;;
;;;;;
;;;;;
;;;;;
;;;;;
;;;;;
;;;;;
;;;;;
;;;;;
;;;;;
;;;;;
;;;;;
;;;;;
;;;;;
;;;;;
;;;;;
;;;;;
;;;;;
;;;;;
;;;;;
;;;;;
;;;;;
;;;;;
;;;;;
;;;;;
;;;;;
;;;;;
;;;;;
;;;;;
;;;;;
;;;;;
;;;;;
;;;;;
;;;;;
;;;;;
;;;;;
;;;;;
;;;;;
;;;;;
;;;;;
;;;;;
;;;;;
;;;;;
;;;;;
;;;;;
;;;;;
;;;;;
;;;;;
;;;;;
;;;;;
;;;;;
;;;;;
;;;;;
;;;;;
;;;;;
;;;;;
;;;;;
;;;;;
;;;;;
;;;;;
;;;;;
;;;;;
;;;;;
;;;;;
;;;;;
;;;;;
;;;;;
;;;;;
;;;;;
;;;;;
;;;;;
;;;;;
;;;;;
;;;;;
;;;;;
;;;;;
;;;;;
;;;;;
;;;;;
;;;;;
;;;;;
;;;;;
;;;;;
;;;;;
;;;;;
;;;;;
;;;;;
;;;;;
;;;;;
;;;;;
;;;;;
;;;;;
;;;;;
;;;;;
;;;;;
;;;;;
;;;;;
;;;;;
;;;;;
;;;;;
;;;;;
;;;;;
;;;;;
;;;;;
;;;;;
;;;;;
;;;;;
;;;;;
;;;;;
;;;;;
;;;;;
;;;;;
;;;;;
;;;;;
;;;;;
;;;;;
;;;;;
;;;;;
;;;;;
;;;;;
;;;;;
;;;;;
;;;;;
;;;;;
;;;;;
;;;;;
;;;;;
;;;;;
;;;;;
;;;;;
;;;;;
;;;;;
;;;;;
;;;;;
;;;;;
;;;;;
;;;;;
;;;;;
;;;;;
;;;;;
;;;;;
;;;;;
;;;;;
;;;;;
;;;;;
;;;;;
;;;;;
;;;;;
;;;;;
;;;;;
;;;;;
;;;;;
;;;;;
;;;;;
;;;;;
;;;;;
;;;;;
;;;;;
;;;;;
;;;;;
;;;;;
;;;;;
;;;;;
;;;;;
;;;;;
;;;;;
;;;;;
;;;;;
;;;;;
;;;;;
;;;;;
;;;;;
;;;;;
;;;;;
;;;;;
;;;;;
;;;;;
;;;;;
;;;;;
;;;;;
;;;;;
;;;;;
;;;;;
;;;;;
;;;;;
;;;;;
;;;;;
;;;;;
;;;;;
;;;;;
;;;;;
;;;;;
;;;;;
;;;;;
;;;;;
;;;;;
;;;;;
;;;;;
;;;;;
;;;;;
;;;;;
;;;;;
;;;;;
;;;;;
;;;;;
;;;;;
;;;;;
;;;;;
;;;;;
;;;;;
;;;;;
;;;;;
;;;;;
;;;;;
;;;;;
;;;;;
;;;;;
;;;;;
;;;;;
;;;;;
;;;;;
;;;;;
;;;;;
;;;;;
;;;;;
;;;;;
;;;;;
;;;;;
;;;;;
;;;;;
;;;;;
;;;;;
;;;;;
;;;;;
;;;;;
;;;;;
;;;;;
;;;;;
;;;;;
;;;;;
;;;;;
;;;;;
;;;;;
;;;;;
;;;;;
;;;;;
;;;;;
;;;;;
;;;;;
;;;;;
;;;;;
;;;;;
;;;;;
;;;;;
;;;;;
;;;;;
;;;;;
;;;;;
;;;;;
;;;;;
;;;;;
;;;;;
;;;;;
;;;;;
;;;;;
;;;;;
;;;;;
;;;;;
;;;;;
;;;;;
;;;;;
;;;;;
;;;;;
;;;;;
;;;;;
;;;;;
;;;;;
;;;;;
;;;;;
;;;;;
;;;;;
;;;;;
;;;;;
;;;;;
;;;;;
;;;;;
;;;;;
;;;;;
;;;;;
;;;;;
;;;;;
;;;;;
;;;;;
;;;;;
;;;;;
;;;;;
;;;;;
;;;;;
;;;;;
;;;;;
;;;;;
;;;;;
;;;;;
;;;;;
;;;;;
;;;;;
;;;;;
;;;;;
;;;;;
;;;;;
;;;;;
;;;;;
;;;;;
;;;;;
;;;;;
;;;;;
;;;;;
;;;;;
;;;;;
;;;;;
;;;;;
;;;;;
;;;;;
;;;;;
;;;;;
;;;;;
;;;;;
;;;;;
;;;;;
;;;;;
;;;;;
;;;;;
;;;;;
;;;;;
;;;;;
;;;;;
;;;;;
;;;;;
;;;;;
;;;;;
;;;;;
;;;;;
;;;;;
;;;;;
;;;;;
;;;;;
;;;;;
;;;;;
;;;;;
;;;;;
;;;;;
;;;;;
;;;;;
;;;;;
;;;;;
;;;;;
;;;;;
;;;;;
;;;;;
;;;;;
;;;;;
;;;;;
;;;;;
;;;;;
;;;;;
;;;;;
;;;;;
;;;;;
;;;;;
;;;;;
;;;;;
;;;;;
;;;;;
;;;;;
;;;;;
;;;;;
;;;;;
;;;;;
;;;;;
;;;;;
;;;;;
;;;;;
;;;;;
;;;;;
;;;;;
;;;;;
;;;;;
;;;;;
;;;;;
;;;;;
;;;;;
;;;;;
;;;;;
;;;;;
;;;;;
;;;;;
;;;;;
;;;;;
;;;;;
;;;;;
;;;;;
;;;;;
;;;;;
;;;;;
;;;;;
;;;;;
;;;;;
;;;;;
;;;;;
;;;;;
;;;;;
;;;;;
;;;;;
;;;;;
;;;;;
;;;;;
;;;;;
;;;;;
;;;;;
;;;;;
;;;;;
;;;;;
;;;;;
;;;;;
;;;;;
;;;;;
;;;;;
;;;;;
;;;;;
;;;;;
;;;;;
;;;;;
;;;;;
;;;;;
;;;;;
;;;;;
;;;;;
;;;;;
;;;;;
;;;;;
;;;;;
;;;;;
;;;;;
;;;;;
;;;;;
;;;;;
;;;;;
;;;;;
;;;;;
;;;;;
;;;;;
;;;;;
;;;;;
;;;;;
;;;;;
;;;;;
;;;;;
;;;;;
;;;;;
;;;;;
;;;;;
;;;;;
;;;;;
;;;;;
;;;;;
;;;;;
;;;;;
;;;;;
;;;;;
;;;;;
;;;;;
;;;;;
;;;;;
;;;;;
;;;;;
;;;;;
;;;;;
;;;;;
;;;;;
;;;;;
;;;;;
;;;;;
;;;;;
;;;;;
;;;;;
;;;;;
;;;;;
;;;;;
;;;;;
;;;;;
;;;;;
;;;;;
;;;;;
;;;;;
;;;;;
;;;;;
;;;;;
;;;;;
;;;;;
;;;;;
;;;;;
;;;;;
;;;;;
;;;;;
;;;;;
;;;;;
;;;;;
;;;;;
;;;;;
;;;;;
;;;;;
;;;;;
;;;;;
;;;;;
;;;;;
;;;;;
;;;;;
;;;;;
;;;;;
;;;;;
;;;;;
;;;;;
;;;;;
;;;;;
;;;;;
;;;;;
;;;;;
;;;;;
;;;;;
;;;;;
;;;;;
;;;;;
;;;;;
;;;;;
;;;;;
;;;;;
;;;;;
;;;;;
;;;;;
;;;;;
;;;;;
;;;;;
;;;;;
;;;;;
;;;;;
;;;;;
;;;;;
;;;;;
;;;;;
;;;;;
;;;;;
;;;;;
;;;;;
;;;;;
;;;;;
;;;;;
;;;;;
;;;;;
;;;;;
;;;;;
;;;;;
;;;;;
;;;;;
;;;;;
;;;;;
;;;;;
;;;;;
;;;;;
;;;;;
;;;;;
;;;;;
;;;;;
;;;;;
;;;;;
;;;;;
;;;;;
;;;;;
;;;;;
;;;;;
;;;;;
;;;;;
;;;;;
;;;;;
;;;;;
;;;;;
;;;;;
;;;;;
;;;;;
;;;;;
;;;;;
;;;;;
;;;;;
;;;;;
;;;;;
;;;;;
;;;;;
;;;;;
;;;;;
;;;;;
;;;;;
;;;;;
;;;;;
;;;;;
;;;;;
;;;;;
;;;;;
;;;;;
;;;;;
;;;;;
;;;;;
;;;;;
;;;;;
;;;;;
;;;;;
;;;;;
;;;;;
;;;;;
;;;;;
;;;;;
;;;;;
;;;;;
;;;;;
;;;;;
;;;;;
;;;;;
;;;;;
;;;;;
;;;;;
;;;;;
;;;;;
;;;;;
;;;;;
;;;;;
;;;;;
;;;;;
;;;;;
;;;;;
;;;;;
;;;;;
;;;;;
;;;;;
;;;;;
;;;;;
;;;;;
;;;;;
;;;;;
;;;;;
;;;;;
;;;;;
;;;;;
;;;;;
;;;;;
;;;;;
;;;;;
;;;;;
;;;;;
;;;;;
;;;;;
;;;;;
;;;;;
;;;;;
;;;;;
;;;;;
;;;;;
;;;;;
;;;;;
;;;;;
;;;;;
;;;;;
;;;;;
;;;;;
;;;;;
;;;;;
;;;;;
;;;;;
;;;;;
;;;;;
;;;;;
;;;;;
;;;;;
;;;;;
;;;;;
;;;;;
;;;;;
;;;;;
;;;;;
;;;;;
;;;;;
;;;;;
;;;;;
;;;;;
;;;;;
;;;;;
;;;;;
;;;;;
;;;;;
;;;;;
;;;;;
;;;;;
;;;;;
;;;;;
;;;;;
;;;;;
;;;;;
;;;;;
;;;;;
;;;;;
;;;;;
;;;;;
;;;;;
;;;;;
;;;;;
;;;;;
;;;;;
;;;;;
;;;;;
;;;;;
;;;;;
;;;;;
;;;;;
;;;;;
;;;;;
;;;;;
;;;;;
;;;;;
;;;;;
;;;;;
;;;;;
;;;;;
;;;;;
;;;;;
;;;;;
;;;;;
;;;;;
;;;;;
;;;;;
;;;;;
;;;;;
;;;;;
;;;;;
;;;;;
;;;;;
;;;;;
;;;;;
;;;;;
;;;;;
;;;;;
;;;;;
;;;;;
;;;;;
;;;;;
;;;;;
;;;;;
;;;;;
;;;;;
;;;;;
;;;;;
;;;;;
;;;;;
;;;;;
;;;;;
;;;;;
;;;;;
;;;;;
;;;;;
;;;;;
;;;;;
;;;;;
;;;;;
;;;;;
;;;;;
;;;;;
;;;;;
;;;;;
;;;;;
;;;;;
;;;;;
;;;;;
;;;;;
;;;;;
;;;;;
;;;;;
;;;;;
;;;;;
;;;;;
;;;;;
;;;;;
;;;;;
;;;;;
;;;;;
;;;;;
;;;;;
;;;;;
;;;;;
;;;;;
;;;;;
;;;;;
;;;;;
;;;;;
;;;;;
;;;;;
;;;;;
;;;;;
;;;;;
;;;;;
;;;;;
;;;;;
;;;;;
;;;;;
;;;;;
;;;;;
;;;;;
;;;;;
;;;;;
;;;;;
;;;;;
;;;;;
;;;;;
;;;;;
;;;;;
;;;;;
;;;;;
;;;;;
;;;;;
;;;;;
;;;;;
;;;;;
;;;;;
;;;;;
;;;;;
;;;;;
;;;;;
;;;;;
;;;;;
;;;;;
;;;;;
;;;;;
;;;;;
;;;;;
;;;;;
;;;;;
;;;;;
;;;;;
;;;;;
;;;;;
;;;;;
;;;;;
;;;;;
;;;;;
;;;;;
;;;;;
;;;;;
;;;;;
;;;;;
;;;;;
;;;;;
;;;;;
;;;;;
;;;;;
;;;;;
;;;;;
;;;;;
;;;;;
;;;;;
;;;;;
;;;;;
;;;;;
;;;;;
;;;;;
;;;;;
;;;;;
;;;;;
;;;;;
;;;;;
;;;;;
;;;;;
;;;;;
;;;;;
;;;;;
;;;;;
;;;;;
;;;;;
;;;;;
;;;;;
;;;;;
;;;;;
;;;;;
;;;;;
;;;;;
;;;;;
;;;;;
;;;;;
;;;;;
;;;;;
;;;;;
;;;;;
;;;;;
;;;;;
;;;;;
;;;;;
;;;;;
;;;;;
;;;;;
;;;;;
;;;;;
;;;;;
;;;;;
;;;;;
;;;;;
;;;;;
;;;;;
;;;;;
;;;;;
;;;;;
;;;;;
;;;;;
;;;;;
;;;;;
;;;;;
;;;;;
;;;;;
;;;;;
;;;;;
;;;;;
;;;;;
;;;;;
;;;;;
;;;;;
;;;;;
;;;;;
;;;;;
;;;;;
;;;;;
;;;;;
;;;;;
;;;;;
;;;;;
;;;;;
;;;;;
;;;;;
;;;;;
;;;;;
;;;;;
;;;;;
;;;;;
;;;;;
;;;;;
;;;;;
;;;;;
;;;;;
;;;;;
;;;;;
;;;;;
;;;;;
;;;;;
;;;;;
;;;;;
;;;;;
;;;;;
;;;;;
;;;;;
;;;;;
;;;;;
;;;;;
;;;;;
;;;;;
;;;;;
;;;;;
;;;;;
;;;;;
;;;;;
;;;;;
;;;;;
;;;;;
;;;;;
;;;;;
;;;;;
;;;;;
;;;;;
;;;;;
;;;;;
;;;;;
;;;;;
;;;;;
;;;;;
;;;;;
;;;;;
;;;;;
;;;;;
;;;;;
;;;;;
;;;;;
;;;;;
;;;;;
;;;;;
;;;;;
;;;;;
;;;;;
;;;;;
;;;;;
;;;;;
;;;;;
;;;;;
;;;;;
;;;;;
;;;;;
;;;;;
;;;;;
;;;;;
;;;;;
;;;;;
;;;;;
;;;;;
;;;;;
;;;;;
;;;;;
;;;;;
;;;;;
;;;;;
;;;;;
;;;;;
;;;;;
;;;;;
;;;;;
;;;;;
;;;;;
;;;;;
;;;;;
;;;;;
;;;;;
;;;;;
;;;;;
;;;;;
;;;;;
;;;;;
;;;;;
;;;;;
;;;;;
;;;;;
;;;;;
;;;;;
;;;;;
;;;;;
;;;;;
;;;;;
;;;;;
;;;;;
;;;;;
;;;;;
;;;;;
;;;;;
;;;;;
;;;;;
;;;;;
;;;;;
;;;;;
;;;;;
;;;;;
;;;;;
;;;;;
;;;;;
;;;;;
;;;;;
;;;;;
;;;;;
;;;;;
;;;;;
;;;;;
;;;;;
;;;;;
;;;;;
;;;;;
;;;;;
;;;;;
;;;;;
;;;;;
;;;;;
;;;;;
;;;;;
;;;;;
;;;;;
;;;;;
;;;;;
;;;;;
;;;;;
;;;;;
;;;;;
;;;;;
;;;;;
;;;;;
;;;;;
;;;;;
;;;;;
;;;;;
;;;;;
;;;;;
;;;;;
;;;;;
;;;;;
;;;;;
;;;;;
;;;;;
;;;;;
;;;;;
;;;;;
;;;;;
;;;;;
;;;;;
;;;;;
;;;;;
;;;;;
;;;;;
;;;;;
;;;;;
;;;;;
;;;;;
;;;;;
;;;;;
;;;;;
;;;;;
;;;;;
;;;;;
;;;;;
;;;;;
;;;;;
;;;;;
;;;;;
;;;;;
;;;;;
;;;;;
;;;;;
;;;;;
;;;;;
;;;;;
;;;;;
;;;;;
;;;;;
;;;;;
;;;;;
;;;;;
;;;;;
;;;;;
;;;;;
;;;;;
;;;;;
;;;;;
;;;;;
;;;;;
;;;;;
;;;;;
;;;;;
;;;;;
;;;;;
;;;;;
;;;;;
;;;;;
;;;;;
;;;;;
;;;;;
;;;;;
;;;;;
;;;;;
;;;;;
;;;;;
;;;;;
;;;;;
;;;;;
;;;;;
;;;;;
;;;;;
;;;;;
;;;;;
;;;;;
;;;;;
;;;;;
;;;;;
;;;;;
;;;;;
;;;;;
;;;;;
;;;;;
;;;;;
;;;;;
;;;;;
;;;;;
;;;;;
;;;;;
;;;;;
;;;;;
;;;;;
;;;;;
;;;;;
;;;;;
;;;;;
;;;;;
;;;;;
;;;;;
;;;;;
;;;;;
;;;;;
;;;;;
;;;;;
;;;;;
;;;;;
;;;;;
;;;;;
;;;;;
;;;;;
;;;;;
;;;;;
;;;;;
;;;;;
;;;;;
;;;;;
;;;;;
;;;;;
;;;;;
;;;;;
;;;;;
;;;;;
;;;;;
;;;;;
;;;;;
;;;;;
;;;;;
;;;;;
;;;;;
;;;;;
;;;;;
;;;;;
;;;;;
;;;;;
;;;;;
;;;;;
;;;;;
;;;;;
;;;;;
;;;;;
;;;;;
;;;;;
;;;;;
;;;;;
;;;;;
;;;;;
;;;;;
;;;;;
;;;;;
;;;;;
;;;;;
;;;;;
;;;;;
;;;;;
;;;;;
;;;;;
;;;;;
;;;;;
;;;;;
;;;;;
;;;;;
;;;;;
;;;;;
;;;;;
;;;;;
;;;;;
;;;;;
;;;;;
;;;;;
;;;;;
;;;;;
;;;;;
;;;;;
;;;;;
;;;;;
;;;;;
;;;;;
;;;;;
;;;;;
;;;;;
;;;;;
;;;;;
;;;;;
;;;;;
;;;;;
;;;;;
;;;;;
;;;;;
;;;;;
;;;;;
;;;;;
;;;;;
;;;;;
;;;;;
;;;;;
;;;;;
;;;;;
;;;;;
;;;;;
;;;;;
;;;;;
;;;;;
;;;;;
;;;;;
;;;;;
;;;;;
;;;;;
;;;;;
;;;;;
;;;;;
;;;;;
;;;;;
;;;;;
;;;;;
;;;;;
;;;;;
;;;;;
;;;;;
;;;;;
;;;;;
;;;;;
;;;;;
;;;;;
;;;;;
;;;;;
;;;;;
;;;;;
;;;;;
;;;;;
;;;;;
;;;;;
;;;;;
;;;;;
;;;;;
;;;;;
;;;;;
;;;;;
;;;;;
;;;;;
;;;;;
;;;;;
;;;;;
;;;;;
;;;;;
;;;;;
;;;;;
;;;;;
;;;;;
;;;;;
;;;;;
;;;;;
;;;;;
;;;;;
;;;;;
;;;;;
;;;;;
;;;;;
;;;;;
;;;;;
;;;;;
;;;;;
;;;;;
;;;;;
;;;;;
;;;;;
;;;;;
;;;;;
;;;;;
;;;;;
;;;;;
;;;;;
;;;;;
;;;;;
;;;;;
;;;;;
;;;;;
;;;;;
;;;;;
;;;;;
;;;;;
;;;;;
;;;;;
;;;;;
;;;;;
;;;;;
;;;;;
;;;;;
;;;;;
;;;;;
;;;;;
;;;;;
;;;;;
;;;;;
;;;;;
;;;;;
;;;;;
;;;;;
;;;;;
;;;;;
;;;;;
;;;;;
;;;;;
;;;;;
;;;;;
;;;;;
;;;;;
;;;;;
;;;;;
;;;;;
;;;;;
;;;;;
;;;;;
;;;;;
;;;;;
;;;;;
;;;;;
;;;;;
;;;;;
;;;;;
;;;;;
;;;;;
;;;;;
;;;;;
;;;;;
;;;;;
;;;;;
;;;;;
;;;;;
;;;;;
;;;;;
;;;;;
;;;;;
;;;;;
;;;;;
;;;;;
;;;;;
;;;;;
;;;;;
;;;;;
;;;;;
;;;;;
;;;;;
;;;;;
;;;;;
;;;;;
;;;;;
;;;;;
;;;;;
;;;;;
;;;;;
;;;;;
;;;;;
;;;;;
;;;;;
;;;;;
;;;;;
;;;;;
;;;;;
;;;;;
;;;;;
;;;;;
;;;;;
;;;;;
;;;;;
;;;;;
;;;;;
;;;;;
;;;;;
;;;;;
;;;;;
;;;;;
;;;;;
;;;;;
;;;;;
;;;;;
;;;;;
;;;;;
;;;;;
;;;;;
;;;;;
;;;;;
;;;;;
;;;;;
;;;;;
;;;;;
;;;;;
;;;;;
;;;;;
;;;;;
;;;;;
;;;;;
;;;;;
;;;;;
;;;;;
;;;;;
;;;;;
;;;;;
;;;;;
;;;;;
;;;;;
;;;;;
;;;;;
;;;;;
;;;;;
;;;;;
;;;;;
;;;;;
;;;;;
;;;;;
;;;;;
;;;;;
;;;;;
;;;;;
;;;;;
;;;;;
;;;;;
;;;;;
;;;;;
;;;;;
;;;;;
;;;;;
;;;;;
;;;;;
;;;;;
;;;;;
;;;;;
;;;;;
;;;;;
;;;;;
;;;;;
;;;;;
;;;;;
;;;;;
;;;;;
;;;;;
;;;;;
;;;;;
;;;;;
;;;;;
;;;;;
;;;;;
;;;;;
;;;;;
;;;;;
;;;;;
;;;;;
;;;;;
;;;;;
;;;;;
;;;;;
;;;;;
;;;;;
;;;;;
;;;;;
;;;;;
;;;;;
;;;;;
;;;;;
;;;;;
;;;;;
;;;;;
;;;;;
;;;;;
;;;;;
;;;;;
;;;;;
;;;;;
;;;;;
;;;;;
;;;;;
;;;;;
;;;;;
;;;;;
;;;;;
;;;;;
;;;;;
;;;;;
;;;;;
;;;;;
;;;;;
;;;;;
;;;;;
;;;;;
;;;;;
;;;;;
;;;;;
;;;;;
;;;;;
;;;;;
;;;;;
;;;;;
;;;;;
;;;;;
;;;;;
;;;;;
;;;;;
;;;;;
;;;;;
;;;;;
;;;;;
;;;;;
;;;;;
;;;;;
;;;;;
;;;;;
;;;;;
;;;;;
;;;;;
;;;;;
;;;;;
;;;;;
;;;;;
;;;;;
;;;;;
;;;;;
;;;;;
;;;;;
;;;;;
;;;;;
;;;;;
;;;;;
;;;;;
;;;;;
;;;;;
;;;;;
;;;;;
;;;;;
;;;;;
;;;;;
;;;;;
;;;;;
;;;;;
;;;;;
;;;;;
;;;;;
;;;;;
;;;;;
;;;;;
;;;;;
;;;;;
;;;;;
;;;;;
;;;;;
;;;;;
;;;;;
;;;;;
;;;;;
;;;;;
;;;;;
;;;;;
;;;;;
;;;;;
;;;;;
;;;;;
;;;;;
;;;;;
;;;;;
;;;;;
;;;;;
;;;;;
;;;;;
;;;;;
;;;;;
;;;;;
;;;;;
;;;;;
;;;;;
;;;;;
;;;;;
;;;;;
;;;;;
;;;;;
;;;;;
;;;;;
;;;;;
;;;;;
;;;;;
;;;;;
;;;;;
;;;;;
;;;;;
;;;;;
;;;;;
;;;;;
;;;;;
;;;;;
;;;;;
;;;;;
;;;;;
;;;;;
;;;;;
;;;;;
;;;;;
;;;;;
;;;;;
;;;;;
;;;;;
;;;;;
;;;;;
;;;;;
;;;;;
;;;;;
;;;;;
;;;;;
;;;;;
;;;;;
;;;;;
;;;;;
;;;;;
;;;;;
;;;;;
;;;;;
;;;;;
;;;;;
;;;;;
;;;;;
;;;;;
;;;;;
;;;;;
;;;;;
;;;;;
;;;;;
;;;;;
;;;;;
;;;;;
;;;;;
;;;;;
;;;;;
;;;;;
;;;;;
;;;;;
;;;;;
;;;;;
;;;;;
;;;;;
;;;;;
;;;;;
;;;;;
;;;;;
;;;;;
;;;;;
;;;;;
;;;;;
;;;;;
;;;;;
;;;;;
;;;;;
;;;;;
;;;;;
;;;;;
;;;;;
;;;;;
;;;;;
;;;;;
;;;;;
;;;;;
;;;;;
;;;;;
;;;;;
;;;;;
;;;;;
;;;;;
;;;;;
;;;;;
;;;;;
;;;;;
;;;;;
;;;;;
;;;;;
;;;;;
;;;;;
;;;;;
;;;;;
;;;;;
;;;;;
;;;;;
;;;;;
;;;;;
;;;;;
;;;;;
;;;;;
;;;;;
;;;;;
;;;;;
;;;;;
;;;;;
;;;;;
;;;;;
;;;;;
;;;;;
;;;;;
;;;;;
;;;;;
;;;;;
;;;;;
;;;;;
;;;;;
;;;;;
;;;;;
;;;;;
;;;;;
;;;;;
;;;;;
;;;;;
;;;;;
;;;;;
;;;;;
;;;;;
;;;;;
;;;;;
;;;;;
;;;;;
;;;;;
;;;;;
;;;;;
;;;;;
;;;;;
;;;;;
;;;;;
;;;;;
;;;;;
;;;;;
;;;;;
;;;;;
;;;;;
;;;;;
;;;;;
;;;;;
;;;;;
;;;;;
;;;;;
;;;;;
;;;;;
;;;;;
;;;;;
;;;;;
;;;;;
;;;;;
;;;;;
;;;;;
;;;;;
;;;;;
;;;;;
;;;;;
;;;;;
;;;;;
;;;;;
;;;;;
;;;;;
;;;;;
;;;;;
;;;;;
;;;;;
;;;;;
;;;;;
;;;;;
;;;;;
;;;;;
;;;;;
;;;;;
;;;;;
;;;;;
;;;;;
;;;;;
;;;;;
;;;;;
;;;;;
;;;;;
;;;;;
;;;;;
;;;;;
;;;;;
;;;;;
;;;;;
;;;;;
;;;;;
;;;;;
;;;;;
;;;;;
;;;;;
;;;;;
;;;;;
;;;;;
;;;;;
;;;;;
;;;;;
;;;;;
;;;;;
;;;;;
;;;;;
;;;;;
;;;;;
;;;;;
;;;;;
;;;;;
;;;;;
;;;;;
;;;;;
;;;;;
;;;;;
;;;;;
;;;;;
;;;;;
;;;;;
;;;;;
;;;;;
;;;;;
;;;;;
;;;;;
;;;;;
;;;;;
;;;;;
;;;;;
;;;;;
;;;;;
;;;;;
;;;;;
;;;;;
;;;;;
;;;;;
;;;;;
;;;;;
;;;;;
;;;;;
;;;;;
;;;;;
;;;;;
;;;;;
;;;;;
;;;;;
;;;;;
;;;;;
;;;;;
;;;;;
;;;;;
;;;;;
;;;;;
;;;;;
;;;;;
;;;;;
;;;;;
;;;;;
;;;;;
;;;;;
;;;;;
;;;;;
;;;;;
;;;;;
;;;;;
;;;;;
;;;;;
;;;;;
;;;;;
;;;;;
;;;;;
;;;;;
;;;;;
;;;;;
;;;;;
;;;;;
;;;;;
;;;;;
;;;;;
;;;;;
;;;;;
;;;;;
;;;;;
;;;;;
;;;;;
;;;;;
;;;;;
;;;;;
;;;;;
;;;;;
;;;;;
;;;;;
;;;;;
;;;;;
;;;;;
;;;;;
;;;;;
;;;;;
;;;;;
;;;;;
;;;;;
;;;;;
;;;;;
;;;;;
;;;;;
;;;;;
;;;;;
;;;;;
;;;;;
;;;;;
;;;;;
;;;;;
;;;;;
;;;;;
;;;;;
;;;;;
;;;;;
;;;;;
;;;;;
;;;;;
;;;;;
;;;;;
;;;;;
;;;;;
;;;;;
;;;;;
;;;;;
;;;;;
;;;;;
;;;;;
;;;;;
;;;;;
;;;;;
;;;;;
;;;;;
;;;;;
;;;;;
;;;;;
;;;;;
;;;;;
;;;;;
;;;;;
;;;;;
;;;;;
;;;;;
;;;;;
;;;;;
;;;;;
;;;;;
;;;;;
;;;;;
;;;;;
;;;;;
;;;;;
;;;;;
;;;;;
;;;;;
;;;;;
;;;;;
;;;;;
;;;;;
;;;;;
;;;;;
;;;;;
;;;;;
;;;;;
;;;;;
;;;;;
;;;;;
;;;;;
;;;;;
;;;;;
;;;;;
;;;;;
;;;;;
;;;;;
;;;;;
;;;;;
;;;;;
;;;;;
;;;;;
;;;;;
;;;;;
;;;;;
;;;;;
;;;;;
;;;;;
;;;;;
;;;;;
;;;;;
;;;;;
;;;;;
;;;;;
;;;;;
;;;;;
;;;;;
;;;;;
;;;;;
;;;;;
;;;;;
;;;;;
;;;;;
;;;;;
;;;;;
;;;;;
;;;;;
;;;;;
;;;;;
;;;;;
;;;;;
;;;;;
;;;;;
;;;;;
;;;;;
;;;;;
;;;;;
;;;;;
;;;;;
;;;;;
;;;;;
;;;;;
;;;;;
;;;;;
;;;;;
;;;;;
;;;;;
;;;;;
;;;;;
;;;;;
;;;;;
;;;;;
;;;;;
;;;;;
;;;;;
;;;;;
;;;;;
;;;;;
;;;;;
;;;;;
;;;;;
;;;;;
;;;;;
;;;;;
;;;;;
;;;;;
;;;;;
;;;;;
;;;;;
;;;;;
;;;;;
;;;;;
;;;;;
;;;;;
;;;;;
;;;;;
;;;;;
;;;;;
;;;;;
;;;;;
;;;;;
;;;;;
;;;;;
;;;;;
;;;;;
;;;;;
;;;;;
;;;;;
;;;;;
;;;;;
;;;;;
;;;;;
;;;;;
;;;;;
;;;;;
;;;;;
;;;;;
;;;;;
;;;;;
;;;;;
;;;;;
;;;;;
;;;;;
;;;;;
;;;;;
;;;;;
;;;;;
;;;;;
;;;;;
;;;;;
;;;;;
;;;;;
;;;;;
;;;;;
;;;;;
;;;;;
;;;;;
;;;;;
;;;;;
;;;;;
;;;;;
;;;;;
;;;;;
;;;;;
;;;;;
;;;;;
;;;;;
;;;;;
;;;;;
;;;;;
;;;;;
;;;;;
;;;;;
;;;;;
;;;;;
;;;;;
;;;;;
;;;;;
;;;;;
;;;;;
;;;;;
;;;;;
;;;;;
;;;;;
;;;;;
;;;;;
;;;;;
;;;;;
;;;;;
;;;;;
;;;;;
;;;;;
;;;;;
;;;;;
;;;;;
;;;;;
;;;;;
;;;;;
;;;;;
;;;;;
;;;;;
;;;;;
;;;;;
;;;;;
;;;;;
;;;;;
;;;;;
;;;;;
;;;;;
;;;;;
;;;;;
;;;;;
;;;;;
;;;;;
;;;;;
;;;;;
;;;;;
;;;;;
;;;;;
;;;;;
;;;;;
;;;;;
;;;;;
;;;;;
;;;;;
;;;;;
;;;;;
;;;;;
;;;;;
;;;;;
;;;;;
;;;;;
;;;;;
;;;;;
;;;;;
;;;;;
;;;;;
;;;;;
;;;;;
;;;;;
;;;;;
;;;;;
;;;;;
;;;;;
;;;;;
;;;;;
;;;;;
;;;;;
;;;;;
;;;;;
;;;;;
;;;;;
;;;;;
;;;;;
;;;;;
;;;;;
;;;;;
;;;;;
;;;;;
;;;;;
;;;;;
;;;;;
;;;;;
;;;;;
;;;;;
;;;;;
;;;;;
;;;;;
;;;;;
;;;;;
;;;;;
;;;;;
;;;;;
;;;;;
;;;;;
;;;;;
;;;;;
;;;;;
;;;;;
;;;;;
;;;;;
;;;;;
;;;;;
;;;;;
;;;;;
;;;;;
;;;;;
;;;;;
;;;;;
;;;;;
;;;;;
;;;;;
;;;;;
;;;;;
;;;;;
;;;;;
;;;;;
;;;;;
;;;;;
;;;;;
;;;;;
;;;;;
;;;;;
;;;;;
;;;;;
;;;;;
;;;;;
;;;;;
;;;;;
;;;;;
;;;;;
;;;;;
;;;;;
;;;;;
;;;;;
;;;;;
;;;;;
;;;;;
;;;;;
;;;;;
;;;;;
;;;;;
;;;;;
;;;;;
;;;;;
;;;;;
;;;;;
;;;;;
;;;;;
;;;;;
;;;;;
;;;;;
;;;;;
;;;;;
;;;;;
;;;;;
;;;;;
;;;;;
;;;;;
;;;;;
;;;;;
;;;;;
;;;;;
;;;;;
;;;;;
;;;;;
;;;;;
;;;;;
;;;;;
;;;;;
;;;;;
;;;;;
;;;;;
;;;;;
;;;;;
;;;;;
;;;;;
;;;;;
;;;;;
;;;;;
;;;;;
;;;;;
;;;;;
;;;;;
;;;;;
;;;;;
;;;;;
;;;;;
;;;;;
;;;;;
;;;;;
;;;;;
;;;;;
;;;;;
;;;;;
;;;;;
;;;;;
;;;;;
;;;;;
;;;;;
;;;;;
;;;;;
;;;;;
;;;;;
;;;;;
;;;;;
;;;;;
;;;;;
;;;;;
;;;;;
;;;;;
;;;;;
;;;;;
;;;;;
;;;;;
;;;;;
;;;;;
;;;;;
;;;;;
;;;;;
;;;;;
;;;;;
;;;;;
;;;;;
;;;;;
;;;;;
;;;;;
;;;;;
;;;;;
;;;;;
;;;;;
;;;;;
;;;;;
;;;;;
;;;;;
;;;;;
;;;;;
;;;;;
;;;;;
;;;;;
;;;;;
;;;;;
;;;;;
;;;;;
;;;;;
;;;;;
;;;;;
;;;;;
;;;;;
;;;;;
;;;;;
;;;;;
;;;;;
;;;;;
;;;;;
;;;;;
;;;;;
;;;;;
;;;;;
;;;;;
;;;;;
;;;;;
;;;;;
;;;;;
;;;;;
;;;;;
;;;;;
;;;;;
;;;;;
;;;;;
;;;;;
;;;;;
;;;;;
;;;;;
;;;;;
;;;;;
;;;;;
;;;;;
;;;;;
;;;;;
;;;;;
;;;;;
;;;;;
;;;;;
;;;;;
;;;;;
;;;;;
;;;;;
;;;;;
;;;;;
;;;;;
;;;;;
;;;;;
;;;;;
;;;;;
;;;;;
;;;;;
;;;;;
;;;;;
;;;;;
;;;;;
;;;;;
;;;;;
;;;;;
;;;;;
;;;;;
;;;;;
;;;;;
;;;;;
;;;;;
;;;;;
;;;;;
;;;;;
;;;;;
;;;;;
;;;;;
;;;;;
;;;;;
;;;;;
;;;;;
;;;;;
;;;;;
;;;;;
;;;;;
;;;;;
;;;;;
;;;;;
;;;;;
;;;;;
;;;;;
;;;;;
;;;;;
;;;;;
;;;;;
;;;;;
;;;;;
;;;;;
;;;;;
;;;;;
;;;;;
;;;;;
;;;;;
;;;;;
;;;;;
;;;;;
;;;;;
;;;;;
;;;;;
;;;;;
;;;;;
;;;;;
;;;;;
;;;;;
;;;;;
;;;;;
;;;;;
;;;;;
;;;;;
;;;;;
;;;;;
;;;;;
;;;;;
;;;;;
;;;;;
;;;;;
;;;;;
;;;;;
;;;;;
;;;;;
;;;;;
;;;;;
;;;;;
;;;;;
;;;;;
;;;;;
;;;;;
;;;;;
;;;;;
;;;;;
;;;;;
;;;;;
;;;;;
;;;;;
;;;;;
;;;;;
;;;;;
;;;;;
;;;;;
;;;;;
;;;;;
;;;;;
;;;;;
;;;;;
;;;;;
;;;;;
;;;;;
;;;;;
;;;;;
;;;;;
;;;;;
;;;;;
;;;;;
;;;;;
;;;;;
;;;;;
;;;;;
;;;;;
;;;;;
;;;;;
;;;;;
;;;;;
;;;;;
;;;;;
;;;;;
;;;;;
;;;;;
;;;;;
;;;;;
;;;;;
;;;;;
;;;;;
;;;;;
;;;;;
;;;;;
;;;;;
;;;;;
;;;;;
;;;;;
;;;;;
;;;;;
;;;;;
;;;;;
;;;;;
;;;;;
;;;;;
;;;;;
;;;;;
;;;;;
;;;;;
;;;;;
;;;;;
;;;;;
;;;;;
;;;;;
;;;;;
;;;;;
;;;;;
;;;;;
;;;;;
;;;;;
;;;;;
;;;;;
;;;;;
;;;;;
;;;;;
;;;;;
;;;;;
;;;;;
;;;;;
;;;;;
;;;;;
;;;;;
;;;;;
;;;;;
;;;;;
;;;;;
;;;;;
;;;;;
;;;;;
;;;;;
;;;;;
;;;;;
;;;;;
;;;;;
;;;;;
;;;;;
;;;;;
;;;;;
;;;;;
;;;;;
;;;;;
;;;;;
;;;;;
;;;;;
;;;;;
;;;;;
;;;;;
;;;;;
;;;;;
;;;;;
;;;;;
;;;;;
;;;;;
;;;;;
;;;;;
;;;;;
;;;;;
;;;;;
;;;;;
;;;;;
;;;;;
;;;;;
;;;;;
;;;;;
;;;;;
;;;;;
;;;;;
;;;;;
;;;;;
;;;;;
;;;;;
;;;;;
;;;;;
;;;;;
;;;;;
;;;;;
;;;;;
;;;;;
;;;;;
;;;;;
;;;;;
;;;;;
;;;;;
;;;;;
;;;;;
;;;;;
;;;;;
;;;;;
;;;;;
;;;;;
;;;;;
;;;;;
;;;;;
;;;;;
;;;;;
;;;;;
;;;;;
;;;;;
;;;;;
;;;;;
;;;;;
;;;;;
;;;;;
;;;;;
;;;;;
;;;;;
;;;;;
;;;;;
;;;;;
;;;;;
;;;;;
;;;;;
;;;;;
;;;;;
;;;;;
;;;;;
;;;;;
;;;;;
;;;;;
;;;;;
;;;;;
;;;;;
;;;;;
;;;;;
;;;;;
;;;;;
;;;;;
;;;;;
;;;;;
;;;;;
;;;;;
;;;;;
;;;;;
;;;;;
;;;;;
;;;;;
;;;;;
;;;;;
;;;;;
;;;;;
;;;;;
;;;;;
;;;;;
;;;;;
;;;;;
;;;;;
;;;;;
;;;;;
;;;;;
;;;;;
;;;;;
;;;;;
;;;;;
;;;;;
;;;;;
;;;;;
;;;;;
;;;;;
;;;;;
;;;;;
;;;;;
;;;;;
;;;;;
;;;;;
;;;;;
;;;;;
;;;;;
;;;;;
;;;;;
;;;;;
;;;;;
;;;;;
;;;;;
;;;;;
;;;;;
;;;;;
;;;;;
;;;;;
;;;;;
;;;;;
;;;;;
;;;;;
;;;;;
;;;;;
;;;;;
;;;;;
;;;;;
;;;;;
;;;;;
;;;;;
;;;;;
;;;;;
;;;;;
;;;;;
;;;;;
;;;;;
;;;;;
;;;;;
;;;;;
;;;;;
;;;;;
;;;;;
;;;;;
;;;;;
;;;;;
;;;;;
;;;;;
;;;;;
;;;;;
;;;;;
;;;;;
;;;;;
;;;;;
;;;;;
;;;;;
;;;;;
;;;;;
;;;;;
;;;;;
;;;;;
;;;;;
;;;;;
;;;;;
;;;;;
;;;;;
;;;;;
;;;;;
;;;;;
;;;;;
;;;;;
;;;;;
;;;;;
;;;;;
;;;;;
;;;;;
;;;;;
;;;;;
;;;;;
;;;;;
;;;;;
;;;;;
;;;;;
;;;;;
;;;;;
;;;;;
;;;;;
;;;;;
;;;;;
;;;;;
;;;;;
;;;;;
;;;;;
;;;;;
;;;;;
;;;;;
;;;;;
;;;;;
;;;;;
;;;;;
;;;;;
;;;;;
;;;;;
;;;;;
;;;;;
;;;;;
;;;;;
;;;;;
;;;;;
;;;;;
;;;;;
;;;;;
;;;;;
;;;;;
;;;;;
;;;;;
;;;;;
;;;;;
;;;;;
;;;;;
;;;;;
;;;;;
;;;;;
;;;;;
;;;;;
;;;;;
;;;;;
;;;;;
;;;;;
;;;;;
;;;;;
;;;;;
;;;;;
